t_s,t_over_T,theta_case1_rad,theta_case2_rad
0.0,0.0,0.0,0.1
0.0028384259198456973,0.002001000500250125,0.0014191755706502043,0.09999209651898044
0.005676851839691395,0.00400200100050025,0.0028381268127566873,0.09996838732522202
0.008515277759537091,0.006003001500750374,0.0042566294332352555,0.09992887616642798
0.01135370367938279,0.0080040020010005,0.005674459209915168,0.0998735692881122
0.014192129599228488,0.010005002501250625,0.007091392026981842,0.09980247543261193
0.017030555519074182,0.012006003001500749,0.008507203910402767,0.09971560583770595
0.01986898143891988,0.014007003501750874,0.009921671063330986,0.09961297423483811
0.02270740735876558,0.016008004002001,0.011334569901480579,0.09949459684694695
0.025545833278611277,0.018009004502251125,0.012745677088468545,0.09936049238590122
0.028384259198456975,0.02001000500250125,0.01415476957111751,0.09921068204954216
0.03122268511830267,0.022011005502751375,0.015561624614713642,0.0990451895183328
0.034061111038148364,0.024012006003001497,0.01696601983821426,0.09886404095161469
0.03689953695799406,0.026013006503251623,0.0183677332493995,0.09866726498347304
0.03973796287783976,0.028014007003501748,0.019766543279962568,0.09845489271821041
0.04257638879768546,0.030015007503751877,0.021162228820532918,0.09822695772543016
0.04541481471753116,0.032016008004002,0.02255456925562698,0.09798349603473008
0.048253240637376855,0.03401700850425213,0.023943344498520723,0.0977245461300072
0.051091666557222554,0.03601800900450225,0.025328335026038686,0.09745014894337464
0.05393009247706825,0.03801900950475238,0.026709321913253946,0.09716034784869154
0.05676851839691395,0.0400200100050025,0.02808608686809347,0.09685518865470694
0.05960694431675964,0.04202101050525262,0.02945841226584348,0.09653471959781876
0.06244537023660534,0.04402201100550275,0.030826081183549306,0.0961989913344492
0.06528379615645104,0.04602301150575287,0.032188877434304305,0.09584805693303738
0.06812222207629673,0.048024012006002995,0.033546585601422436,0.09548197186565094
0.07096064799614243,0.05002501250625313,0.03489899107248914,0.09510079399921749
0.07379907391598813,0.052026013006503245,0.036245880073284976,0.09470458358637768
0.07663749983583383,0.05402701350675338,0.03758703970157689,0.09429340325596108
0.07947592575567952,0.056028014007003496,0.03892225796077154,0.09386731800308641
0.08231435167552523,0.05802901450725363,0.04025132379342558,0.09342639517888787
0.08515277759537092,0.060030015007503754,0.04157402711460734,0.09297070447986888
0.08799120351521662,0.06203101550775388,0.04289015884510496,0.09250031793688528
0.09082962943506231,0.064032016008004,0.04419951094447543,0.09201530990375931
0.093668055354908,0.06603301650825412,0.045501876443929425,0.0915157570455267
0.09650648127475371,0.06803401700850426,0.046797049479046844,0.09100173832631808
0.0993449071945994,0.07003501750875438,0.04808482532231768,0.09047333499687729
0.10218333311444511,0.0720360180090045,0.04936500041550325,0.08993063058171802
0.1050217590342908,0.07403701850925462,0.050637372401812535,0.08937371086592116
0.1078601849541365,0.07603801900950476,0.051901740157888655,0.08880266388157478
0.1106986108739822,0.07803901950975488,0.05315790382560037,0.08821757989385892
0.1135370367938279,0.080040020010005,0.0544056648436336,0.0876185513867774
0.11637546271367359,0.08204102051025512,0.05564482597887786,0.08700567304853896
0.11921388863351928,0.08404202101050524,0.05687519135760289,0.08637904175658986
0.12205231455336499,0.08604302151075538,0.05809656649642037,0.08573875656230054
0.12489074047321068,0.0880440220110055,0.059308758333025735,0.08508491867530861
0.12772916639305637,0.09004502251125562,0.06051157525671553,0.08441763144752067
0.13056759231290208,0.09204602301150575,0.061704827138675214,0.08373700035677549
0.13340601823274778,0.09404702351175588,0.06288832536203279,0.08304313299017123
0.13624444415259346,0.09604802401200599,0.06406188285167336,0.08233613902705911
0.13908287007243916,0.09804902451225612,0.06522531410381002,0.08161613022170652
0.14192129599228487,0.10005002501250626,0.0663784352153064,0.08088322038563199
0.14475972191213057,0.10205102551275638,0.06752106391274613,0.08013752536961509
0.14759814783197625,0.10405202601300649,0.06865301958124476,0.07937916304538394
0.15043657375182196,0.10605302651325663,0.06977412329299948,0.07860825328698322
0.15327499967166766,0.10805402701350676,0.07088419783557218,0.0778249179518258
0.15611342559151337,0.11005502751375688,0.07198306773990125,0.0770292808614308
0.15895185151135904,0.11205602801400699,0.07307055930803809,0.07622146778185102
0.16179027743120475,0.11405702851425713,0.07414650064060334,0.07540160640379329
0.16462870335105045,0.11605802901450726,0.075210721663959,0.07456982632243445
0.16746712927089613,0.11805902951475737,0.07626305415709188,0.07372625901693618
0.17030555519074184,0.12006003001500751,0.0773033317782043,0.07287103782966224
0.17314398111058754,0.12206103051525763,0.07833139009100756,0.07200429794510106
0.17598240703043325,0.12406203101550776,0.07934706659071442,0.07112617636849716
0.17882083295027892,0.12606303151575787,0.08035020072972614,0.07023681190419483
0.18165925887012463,0.128064032016008,0.08134063394301017,0.06933634513369731
0.18449768478997033,0.13006503251625814,0.08231820967316443,0.06842491839344521
0.187336110709816,0.13206603301650824,0.08328277339516438,0.06750267575231735
0.19017453662966172,0.1340670335167584,0.08423417264078863,0.06656976298885793
0.19301296254950742,0.1360680340170085,0.0851722570227196,0.06562632756823335
0.19585138846935313,0.13806903451725863,0.08609687825831513,0.06467251861892238
0.1986898143891988,0.14007003501750875,0.08700789019304751,0.06370848690914359
0.2015282403090445,0.14207103551775888,0.08790514882360603,0.06273438482302338
0.20436666622889021,0.144072036018009,0.08878851232065958,0.061750366336508704
0.2072050921487359,0.14607303651825912,0.0896578410512755,0.060756586993028217
0.2100435180685816,0.14807403701850924,0.09051299760099138,0.05975320387890546
0.2128819439884273,0.1500750375187594,0.09135384679553599,0.05874037559852843
0.215720369908273,0.1520760380190095,0.09218025572219636,0.057718262249278895
0.21855879582811868,0.15407703851925963,0.09299209375082715,0.05668702539622599
0.2213972217479644,0.15607803901950976,0.09378923255449938,0.0556468280465876
0.2242356476678101,0.15807903951975988,0.09457154612978495,0.054597834623963906
0.2270740735876558,0.16008004002001,0.09533891081667398,0.053540210942347025
0.22991249950750148,0.16208104052026012,0.09609120531812171,0.05247412417991082
0.23275092542734718,0.16408204102051024,0.09682831071922188,0.051399742852585154
0.2355893513471929,0.1660830415207604,0.09755011050600354,0.05031723678741856
0.23842777726703857,0.1680840420210105,0.09825649058384839,0.04922677709573388
0.24126620318688427,0.17008504252126064,0.0989473392955257,0.04812853614608057
0.24410462910672998,0.17208604302151076,0.09962254743884184,0.047022687536988676
0.24694305502657568,0.17408704352176088,0.10028200828390194,0.04590940606952803
0.24978148094642136,0.176088044022011,0.10092561758998053,0.0447888677196776
0.25261990686626706,0.17808904452226113,0.10155327362199894,0.04366124961050896
0.25545833278611274,0.18009004502251125,0.10216487716660644,0.04252672998418859
0.2582967587059585,0.1820910455227614,0.1027603315478629,0.04138548817380314
0.26113518462580415,0.1840920460230115,0.10333954264252032,0.040237704575012356
0.26397361054564983,0.1860930465232616,0.10390241889490084,0.03908356061753401
0.26681203646549556,0.18809404702351176,0.10444887133136894,0.037923238736465276
0.26965046238534124,0.19009504752376188,0.10497881357439538,0.0367569223434455
0.2724888883051869,0.19209604802401198,0.10549216185621103,0.03558479579766413
0.27532731422503265,0.19409704852426213,0.10598883503204781,0.034407044376719334
0.2781657401448783,0.19609804902451225,0.10646875459296538,0.033223854247331125
0.28100416606472406,0.1980990495247624,0.10693184467826093,0.03203541243591409
0.28384259198456974,0.20010005002501252,0.10737803208746044,0.030841906799014274
0.2866810179044154,0.20210105052526262,0.10780724629188955,0.02964352599361458
0.28951944382426115,0.20410205102551277,0.10821941944582188,0.02844045944731402
0.2923578697441068,0.2061030515257629,0.10861448639720346,0.027232897328384877
0.2951962956639525,0.20810405202601298,0.10899238469795125,0.026021030515712903
0.29803472158379823,0.21010505252626313,0.10935305461382433,0.02480505056862508
0.3008731475036439,0.21210605302651325,0.10969643913386597,0.023585149696610134
0.3037115734234896,0.21410705352676337,0.11002248397941547,0.022361520728935755
0.3065499993433353,0.21610805402701352,0.11033113761268785,0.021134357084168366
0.309388425263181,0.21810905452726362,0.11062235124492047,0.019903852739599513
0.31222685118302673,0.22011005502751377,0.11089607884408503,0.018670202200583744
0.3150652771028724,0.2221110555277639,0.11115227714216383,0.017433600469793552
0.3179037030227181,0.22411205602801398,0.11139090564198915,0.01619424301639502
0.3207421289425638,0.22611305652826413,0.11161192662364464,0.01495232574515037
0.3235805548624095,0.22811405702851426,0.1118153051504276,0.01370804496545122
0.3264189807822552,0.23011505752876438,0.1120010090743715,0.012461597360288096
0.3292574067021009,0.23211605802901453,0.1121690090413276,0.011213179955160718
0.3320958326219466,0.23411705852926462,0.11231927849560487,0.009962990086934497
0.33493425854179226,0.23611805902951474,0.11245179368416774,0.00871122537264725
0.337772684461638,0.2381190595297649,0.11256653366039066,0.007458083678272185
0.3406111103814837,0.24012006003001501,0.11266348028736912,0.006203763087441295
0.34344953630132935,0.2421210605302651,0.11274261824078662,0.0049484618701341535
0.3462879622211751,0.24412206103051526,0.11280393501133688,0.003692378451337681
0.34912638814102076,0.24612306153076538,0.1128474209067013,0.0024357113796810645
0.3519648140608665,0.24812406203101553,0.11287306905308085,0.0011786592960512793
0.35480323998071217,0.25012506253126565,0.11288087539628282,-7.857909780600332e-05
0.35764166590055785,0.25212606303151575,0.11287083870236146,-0.0013358050706951026
0.3604800918204036,0.2541270635317659,0.11284296055781318,-0.002592819893383805
0.36331851774024926,0.256128064032016,0.11279724536932573,-0.003849424870016195
0.36615694366009494,0.25812906453226614,0.11273370036308157,-0.005105421369520636
0.36899536957994067,0.2601300650325163,0.11265233558361575,-0.006360610857007305
0.37183379549978635,0.2621310655327664,0.11255316389222804,-0.007614794925150305
0.374672221419632,0.2641320660330165,0.11243620096495005,-0.008867775325550152
0.37751064733947776,0.2661330665332666,0.11230146529006732,-0.010119354000070578
0.38034907325932343,0.2681340670335168,0.11214897816519682,-0.011369333112145606
0.38318749917916917,0.2701350675337669,0.1119787636939205,-0.012617515078051499
0.38602592509901484,0.272136068034017,0.11179084878197519,-0.013863702598138723
0.3888643510188605,0.2741370685342671,0.11158526313299973,-0.015107698688019046
0.39170277693870625,0.27613806903451726,0.11136203924383958,-0.016349306709702766
0.39454120285855193,0.27813906953476736,0.11112121239941017,-0.017588330402681228
0.3973796287783976,0.2801400700350175,0.11086282066711939,-0.0188245739149496
0.40021805469824334,0.28214107053526766,0.11058690489085027,-0.020057841833965258
0.403056480618089,0.28414207103551775,0.11029350868450481,-0.021287939217536307
0.4058949065379347,0.28614307153576785,0.10998267842510999,-0.022514671624636357
0.40873333245778043,0.288144072036018,0.1096544632454869,-0.023737845146139466
0.4115717583776261,0.29014507253626814,0.10930891502648442,-0.02495726643547142
0.4144101842974718,0.29214607303651824,0.10894608838877833,-0.026172742739171903
0.4172486102173175,0.2941470735367684,0.1085660406842375,-0.02738408192736305
0.4200870361371632,0.2961480740370185,0.10816883198685837,-0.02859109252411915
0.4229254620570089,0.29814907453726863,0.10775452508326891,-0.0297935837377334
0.4257638879768546,0.3001500750375188,0.10732318546280412,-0.030991365490876135
0.4286023138967003,0.3021510755377689,0.10687488130715406,-0.0321842484506403
0.431440739816546,0.304152076038019,0.10640968347958642,-0.03337204405846935
0.4342791657363917,0.3061530765382691,0.10592766551374522,-0.03455456455996235
0.43711759165623737,0.30815407703851927,0.10542890360202734,-0.035731623034552594
0.4399560175760831,0.3101550775387694,0.10491347658353883,-0.03690303342505381
0.4427944434959288,0.3121560780390195,0.10438146593163285,-0.038068610567070255
0.44563286941577446,0.3141570785392696,0.10383295574103119,-0.03922817021826553
0.4484712953356202,0.31615807903951976,0.10326803271453144,-0.04038152908748577
0.45130972125546587,0.31815907953976985,0.10268678614930198,-0.04152850486373234
0.4541481471753116,0.32016008004002,0.1020893079227667,-0.042668916244979684
0.4569865730951573,0.32216108054027015,0.1014756924780821,-0.04380258296683367
0.45982499901500296,0.32416208104052024,0.10084603680920852,-0.04492932583102597
0.4626634249348487,0.3261630815407704,0.10020044044557858,-0.04604896673373969
0.46550185085469437,0.3281640820410205,0.09953900543636436,-0.04716132869376244
0.46834027677454004,0.33016508254127064,0.09886183633434674,-0.04826623588046139
0.4711787026943858,0.3321660830415208,0.09816904017938853,-0.04936351364157704
0.47401712861423145,0.3341670835417709,0.09746072648151506,-0.05045298853083016
0.47685555453407713,0.336168084042021,0.09673700720360359,-0.051534488335338614
0.47969398045392286,0.3381690845422711,0.09599799674368564,-0.05260784210283888
0.48253240637376854,0.3401700850425213,0.09524381191686414,-0.05367288016870833
0.4853708322936142,0.34217108554277137,0.0944745719368483,-0.05472943418278423
0.48820925821345995,0.3441720860430215,0.09369039839710983,-0.0557773371359746
0.49104768413330563,0.3461730865432716,0.09289141525166238,-0.056816423386657516
0.49388611005315136,0.34817408704352176,0.09207774879546855,-0.057846528686863664
0.49672453597299704,0.3501750875437719,0.09124952764447612,-0.05886749020823937
0.4995629618928427,0.352176088044022,0.09040688271528809,-0.05987914656778445
0.5024013878126884,0.3541770885442721,0.08954994720446849,-0.06088133785336222
0.5052398137325341,0.35617808904452225,0.08867885656748821,-0.061873905648976636
0.5080782396523799,0.3581790895447724,0.0877937484973136,-0.06285669305981299
0.5109166655722255,0.3601800900450225,0.08689476290264131,-0.06382954473703832
0.5137550914920712,0.36218109054527264,0.08598204188578304,-0.06479230690235731
0.516593517411917,0.3641820910455228,0.0850557297202034,-0.06574482737232001
0.5194319433317626,0.36618309154577283,0.08411597282771481,-0.06668695558237726
0.5222703692516083,0.368184092046023,0.08316291975533249,-0.06761854261068061
0.525108795171454,0.37018509254627313,0.08219672115179381,-0.06853944120162207
0.5279472210912997,0.3721860930465232,0.08121752974374535,-0.0694495057891109
0.5307856470111454,0.3741870935467734,0.08022550031160113,-0.07034859251958336
0.5336240729309911,0.3761880940470235,0.07922078966507694,-0.0712365592747412
0.5364624988508367,0.3781890945472736,0.07820355661840336,-0.07211326569401648
0.5393009247706825,0.38019009504752377,0.07717396196522187,-0.07297857319675835
0.5421393506905282,0.3821910955477739,0.0761321684531684,-0.07383234500413834
0.5449777766103738,0.38419209604802396,0.07507834075814804,-0.0746744461607709
0.5478162025302196,0.3861930965482741,0.07401264545830441,-0.07550474355604596
0.5506546284500653,0.38819409704852426,0.07293525100768906,-0.07632310594516933
0.553493054369911,0.3901950975487744,0.07184632770963377,-0.07712940396990892
0.5563314802897567,0.3921960980490245,0.07074604768983095,-0.07792351017904196
0.5591699062096024,0.39419709854927465,0.06963458486912559,-0.07870529904850147
0.5620083321294481,0.3961980990495248,0.06851211493602388,-0.07947464700121763
0.5648467580492937,0.39819909954977484,0.0673788153189221,-0.08023143242665152
0.5676851839691395,0.40020010005002504,0.06623486515806039,-0.08097553570001835
0.5705236098889852,0.4022011005502752,0.06508044527720647,-0.0817068392011961
0.5733620358088308,0.40420210105052523,0.06391573815507275,-0.08242522733331793
0.5762004617286766,0.4062031015507754,0.06274092789647182,-0.08313058654104455
0.5790388876485223,0.40820410205102553,0.06155620020321527,-0.08382280532851373
0.5818773135683679,0.4102051025512756,0.06036174234475992,-0.08450177427696451
0.5847157394882136,0.4122061030515258,0.059157743128605944,-0.08516738606203296
0.5875541654080594,0.4142071035517759,0.05794439287045244,-0.08581953547071688
0.590392591327905,0.41620810405202596,0.056721883364114184,-0.08645811941800677
0.5932310172477507,0.4182091045522761,0.05549040785120461,-0.08708303696318055
0.5960694431675965,0.42021010505252626,0.05425016099059065,-0.08769418932575906
0.5989078690874421,0.42221110555277636,0.053001338827622785,-0.08829147990112031
0.6017462950072878,0.4242121060530265,0.05174413876314622,-0.08887481427576982
0.6045847209271336,0.42621310655327665,0.05047875952229785,-0.08944410024226446
0.6074231468469792,0.42821410705352675,0.049205401123094024,-0.08999924781378754
0.6102615727668249,0.4302151075537769,0.04792426484481343,-0.09054016923837323
0.6130999986866706,0.43221610805402705,0.04663555319618128,-0.09106677901277727
0.6159384246065163,0.4342171085542771,0.04533946988335879,-0.09157899389599244
0.618776850526362,0.43621810905452724,0.044036219777742996,-0.09207673292240676
0.6216152764462077,0.4382191095547774,0.04272600888358347,-0.09255991741460114
0.6244537023660535,0.44022011005502754,0.0414090443054189,-0.09302847099578637
0.6272921282858991,0.44222111055527763,0.04008553421534029,-0.0934823196018757
0.6301305542057448,0.4442221110555278,0.038755687820085004,-0.09392139149319229
0.6329689801255906,0.44622311155577793,0.03741971532796799,-0.09434561726580895
0.6358074060454362,0.44822411205602797,0.036077827915654,-0.09475492986251882
0.6386458319652819,0.4502251125562781,0.03473023769477678,-0.09514926458343516
0.6414842578851276,0.45222611305652827,0.033377157678411117,-0.09552855909621827
0.6443226838049733,0.45422711355677836,0.03201880174740148,-0.09589275344592854
0.647161109724819,0.4562281140570285,0.03065538461655421,-0.09624179006450335
0.6499995356446647,0.45822911455727866,0.02928712180069766,-0.0965756137798569
0.6528379615645103,0.46023011505752875,0.027914229580615815,-0.09689417182460122
0.6556763874843561,0.4622311155577789,0.026536924968860554,-0.09719741384438713
0.6585148134042018,0.46423211605802905,0.02515542567544912,-0.09748529190586364
0.6613532393240474,0.4662331165582791,0.023769950073450435,-0.09775776050425487
0.6641916652438932,0.46823411705852924,0.022380717164466928,-0.09801477657055291
0.6670300911637389,0.4702351175587794,0.020987946544017096,-0.09825629947832572
0.6698685170835845,0.4722361180590295,0.019591858366824314,-0.09848229105013895
0.6727069430034303,0.47423711855927964,0.018192673312016683,-0.09869271556359063
0.675545368923276,0.4762381190595298,0.01679061254824472,-0.0988875397569578
0.6783837948431216,0.4782391195597799,0.015385897698721222,-0.09906673283445418
0.6812222207629673,0.48024012006003003,0.01397875080618901,-0.09923026647109802
0.6840606466828131,0.4822411205602802,0.012569394297823321,-0.09937811481718947
0.6868990726026587,0.4842421210605302,0.011158050950072478,-0.09951025450239658
0.6897374985225044,0.48624312156078037,0.009744943853443652,-0.09962666463944946
0.6925759244423502,0.4882441220610305,0.00833029637723913,-0.09972732682744195
0.6954143503621959,0.49024512256128067,0.006914332134248511,-0.0998122251547402
0.6982527762820415,0.49224612306153076,0.005497274945402223,-0.09988134620149786
0.7010912022018873,0.4942471235617809,0.004079348804392081,-0.09993467904177727
0.703929628121733,0.49624812406203106,0.0026607778422650338,-0.09997221524527665
0.7067680540415786,0.4982491245622811,0.0012417862919945153,-0.09999394887866253
0.7096064799614243,0.5002501250625313,-0.0001774015469638356,-0.09999987650650777
0.7124449058812701,0.5022511255627814,-0.0015965613441270012,-0.09998999719183445
0.7152833318011157,0.5042521260630315,-0.0030154687734444694,-0.09996431249626211
0.7181217577209614,0.5062531265632816,-0.004433899548757718,-0.09992282647976082
0.7209601836408072,0.5082541270635318,-0.005851629459252441,-0.09986554570000947
0.7237986095606528,0.5102551275637819,-0.007268434404899823,-0.09979247921135916
0.7266370354804985,0.512256128064032,-0.008684090431880032,-0.09970363856340203
0.7294754614003442,0.5142571285642822,-0.010098373767982182,-0.09959903779914554
0.7323138873201899,0.5162581290645323,-0.01151106085797626,-0.09947869345279285
0.7351523132400356,0.5182591295647824,-0.012921928398950268,-0.09934262454712905
0.7379907391598813,0.5202601300650326,-0.014330753375607531,-0.09919085259051441
0.740829165079727,0.5222611305652826,-0.015737313095518693,-0.09902340157348455
0.7436675909995727,0.5242621310655328,-0.01714138522432297,-0.09884029796495811
0.7465060169194184,0.5262631315657829,-0.018542747820871862,-0.098641570708053
0.749344442839264,0.528264132066033,-0.019941179372311647,-0.09842725121551128
0.7521828687591098,0.5302651325662832,-0.02133645882909795,-0.09819737336473378
0.7550212946789555,0.5322661330665333,-0.022728365639936594,-0.09795197349242513
0.7578597205988011,0.5342671335667833,-0.024116679786646424,-0.09769109038884993
0.7606981465186469,0.5362681340670336,-0.025501181818937336,-0.0974147652917014
0.7635365724384926,0.5382691345672836,-0.0268816528890986,-0.0971230418795827
0.7663749983583383,0.5402701350675339,-0.028257874786592144,-0.09681596626510286
0.769213424278184,0.5422711355677838,-0.029629629972545122,-0.09649358698758771
0.7720518501980297,0.544272136068034,-0.030996701614136053,-0.09615595500540725
0.7748902761178754,0.5462731365682841,-0.03235887361886946,-0.09580312368792071
0.777728702037721,0.5482741370685342,-0.033715930668733594,-0.09543514880704056
0.7805671279575668,0.5502751375687844,-0.035067658254235794,-0.09505208852841651
0.7834055538774125,0.5522761380690345,-0.03641384270830979,-0.09465400340224137
0.7862439797972581,0.5542771385692846,-0.03775427124008984,-0.09424095635367995
0.7890824057171039,0.5562781390695347,-0.03908873196854688,-0.09381301267292239
0.7919208316369496,0.5582791395697849,-0.04041701395598003,-0.09337024000486388
0.7947592575567952,0.560280140070035,-0.04173890724135982,-0.09291270833841199
0.797597683476641,0.5622811405702851,-0.043054202873516474,-0.09244048999542351
0.8004361093964867,0.5642821410705353,-0.04436269294416866,-0.09195365961927267
0.8032745353163323,0.5662831415707854,-0.04566417062078756,-0.09145229416305228
0.806112961236178,0.5682841420710355,-0.04695843017929102,-0.0909364728774096
0.8089513871560238,0.5702851425712857,-0.048245267036561894,-0.09040627729801948
0.8117898130758694,0.5722861430715357,-0.049524477782786576,-0.08986179123269589
0.8146282389957151,0.5742871435717859,-0.050795860213608116,-0.08930310074814447
0.8174666649155609,0.576288144072036,-0.05205921336208819,-0.08873029415635807
0.8203050908354065,0.5782891445722861,-0.05331433753047427,-0.08814346200065716
0.8231435167552522,0.5802901450725363,-0.05456103432176554,-0.08754269704137785
0.825981942675098,0.5822911455727864,-0.05579910667107342,-0.08692809424120916
0.8288203685949436,0.5842921460730365,-0.05702835887677156,-0.0862997507501825
0.8316587945147893,0.5862931465732867,-0.058248596631430595,-0.08565776589031486
0.834497220434635,0.5882941470735368,-0.05945962705253178,-0.08500224113990938
0.8373356463544808,0.590295147573787,-0.06066125871295618,-0.08433328011751451
0.8401740722743264,0.592296148074037,-0.06185330167124333,-0.08365098856554516
0.8430124981941721,0.5942971485742872,-0.06303556750161537,-0.08295547433356792
0.8458509241140179,0.5962981490745373,-0.06420786932376132,-0.08224684736125337
0.8486893500338635,0.5982991495747874,-0.06537002183237713,-0.08152521966099807
0.8515277759537092,0.6003001500750376,-0.06652184132645693,-0.08079070530021865
0.8543662018735549,0.6023011505752877,-0.06766314573833057,-0.08004342038332127
0.8572046277934006,0.6043021510755378,-0.06879375466244278,-0.07928348303334914
0.8600430537132463,0.6063031515757878,-0.0699134893838703,-0.07851101337331061
0.862881479633092,0.608304152076038,-0.0710221729065707,-0.07772613350719162
0.8657199055529377,0.6103051525762881,-0.07211962998136036,-0.07692896750065471
0.8685583314727834,0.6123061530765382,-0.07320568713361612,-0.07611964136142789
0.8713967573926291,0.6143071535767884,-0.07428017269069624,-0.07529828301938672
0.8742351833124747,0.6163081540770385,-0.0753429168090765,-0.0744650223063326
0.8770736092323205,0.6183091545772886,-0.07639375150119763,-0.07361999093547009
0.8799120351521662,0.6203101550775388,-0.07743251066201867,-0.07276332248058723
0.8827504610720118,0.6223111555777888,-0.07845903009527344,-0.07189515235494146
0.8855888869918576,0.624312156078039,-0.07947314753942483,-0.07101561778985495
0.8884273129117033,0.6263131565782891,-0.08047470269331336,-0.07012485781302256
0.8912657388315489,0.6283141570785392,-0.08146353724149605,-0.0692230132265357
0.8941041647513946,0.6303151575787894,-0.08243949487927124,-0.06831022658462581
0.8969425906712404,0.6323161580790395,-0.08340242133738567,-0.06738664217113081
0.899781016591086,0.6343171585792896,-0.08435216440641956,-0.06645240597668843
0.9026194425109317,0.6363181590795397,-0.08528857396084659,-0.06550766567565919
0.9054578684307775,0.6383191595797899,-0.08621150198276392,-0.0645525706027839
0.9082962943506232,0.64032016008004,-0.08712080258528947,-0.06358727172957818
0.9111347202704688,0.6423211605802901,-0.08801633203562216,-0.06261192164046846
0.9139731461903146,0.6443221610805403,-0.08889794877776179,-0.06162667450867307
0.9168115721101603,0.6463231615807904,-0.08976551345488462,-0.06063168607183205
0.9196499980300059,0.6483241620810405,-0.09061888893137135,-0.059627113607390064
0.9224884239498516,0.6503251625812907,-0.09145794031448444,-0.05861311590773513
0.9253268498696974,0.6523261630815408,-0.09228253497569026,-0.057589853255098716
0.928165275789543,0.6543271635817909,-0.09309254257162372,-0.05655748739621989
0.9310037017093887,0.656328164082041,-0.09388783506469173,-0.055516181516778
0.9338421276292345,0.6583291645822912,-0.09466828674331164,-0.05446610021559825
0.9366805535490801,0.6603301650825413,-0.09543377424178295,-0.05340740947863323
0.9395189794689258,0.6623311655827914,-0.09618417655978738,-0.052340276652725864
0.9423574053887716,0.6643321660830416,-0.09691937508151542,-0.051264870419156755
0.9451958313086172,0.6663331665832917,-0.09763925359441572,-0.05018136076698115
0.9480342572284629,0.6683341670835418,-0.09834369830756508,-0.04908991896615841
0.9508726831483086,0.670335167583792,-0.09903259786965511,-0.04799071754047965
0.9537111090681543,0.672336168084042,-0.09970584338659351,-0.046883930240296974
0.956549534988,0.6743371685842922,-0.10036332843871708,-0.045769732015058684
0.9593879609078457,0.6763381690845423,-0.1010049490976131,-0.044648298985655456
0.9622263868276913,0.6783391695847923,-0.10163060394254764,-0.04351980841658046
0.9650648127475371,0.6803401700850426,-0.10224019407649684,-0.042384438687909545
0.9679032386673828,0.6823411705852926,-0.10283362314177971,-0.041242369267104666
0.9707416645872284,0.6843421710855427,-0.10341079733528907,-0.040093780680645785
0.9735800905070742,0.6863431715857928,-0.10397162542331928,-0.03893885448549467
0.9764185164269199,0.688344172086043,-0.10451601875598739,-0.037777773240396564
0.9792569423467655,0.6903451725862931,-0.10504389128124594,-0.03661072047702312
0.9820953682666113,0.6923461730865432,-0.1055551595584853,-0.03543788067096156
0.984933794186457,0.6943471735867934,-0.10604974277172288,-0.03425943921255494
0.9877722201063027,0.6963481740870435,-0.10652756274237794,-0.03307558237759719
0.9906106460261483,0.6983491745872936,-0.10698854394162916,-0.0318864972978888
0.9934490719459941,0.7003501750875438,-0.10743261350235332,-0.03069237193165683
0.9962874978658398,0.7023511755877939,-0.10785970123064352,-0.029493395033844818
0.9991259237856854,0.704352176088044,-0.10826973961690468,-0.028289756126275753
1.001964349705531,0.7063531765882941,-0.10866266384652475,-0.02708164546769485
1.0048027756253768,0.7083541770885442,-0.1090384118101199,-0.0258692540236953
1.0076412015452225,0.7103551775887944,-0.10939692411335221,-0.02465277343653234
1.0104796274650683,0.7123561780890445,-0.10973814408631793,-0.02343239599483076
1.013318053384914,0.7143571785892947,-0.11006201779250552,-0.022208314603189425
1.0161564793047597,0.7163581790895448,-0.11036849403732117,-0.02098072275168915
1.0189949052246055,0.718359179589795,-0.11065752437618118,-0.01974981448530807
1.021833331144451,0.720360180090045,-0.11092906312216962,-0.018515784373248502
1.0246717570642967,0.7223611805902951,-0.11118306735325999,-0.017278827478181807
1.0275101829841424,0.7243621810905453,-0.1114194969190999,-0.01603913932541484
1.0303486089039882,0.7263631815907954,-0.11163831444735767,-0.014796915871983209
1.033187034823834,0.7283641820910456,-0.11183948534962962,-0.013552353475676824
1.0360254607436796,0.7303651825912957,-0.11202297782690761,-0.012305648864001043
1.0388638866635251,0.7323661830915457,-0.11218876287460541,-0.01105699910308084
1.0417023125833709,0.7343671835917959,-0.11233681428714347,-0.009806601566509658
1.0445407385032166,0.736368184092046,-0.11246710866209123,-0.008554653904151444
1.0473791644230623,0.7383691845922962,-0.11257962540386626,-0.007301354010898111
1.050217590342908,0.7403701850925463,-0.11267434672698994,-0.006046899995387846
1.0530560162627538,0.7423711855927965,-0.11275125765889865,-0.004791490148690854
1.0558944421825993,0.7443721860930465,-0.11281034604231059,-0.0035353229129650404
1.058732868102445,0.7463731865932967,-0.11285160253714745,-0.0022785968500882363
1.0615712940222908,0.7483741870935467,-0.11287502062201071,-0.001021510610272403
1.0644097199421365,0.750375187593797,-0.1128805965952126,0.00023573709933782147
1.0672481458619822,0.752376188094047,-0.11286832957536119,0.0014929475460743302
1.070086571781828,0.7543771885942973,-0.1128382215014996,0.0027499220031588782
1.0729249977016735,0.7563781890945472,-0.11279027713279965,0.004006461781116281
1.0757634236215192,0.7583791895947973,-0.11272450404780951,0.005262368259180833
1.078601849541365,0.7603801900950475,-0.11264091264325576,0.006517442916692296
1.0814402754612107,0.7623811905952976,-0.11253951613239997,0.007771487364476086
1.0842787013810564,0.7643821910955478,-0.11242033054295014,0.009024303376202211
1.0871171273009022,0.7663831915957979,-0.11228337471452712,0.010275692919719451
1.0899555532207477,0.7683841920960479,-0.11212867029568677,0.01152545818835744
1.0927939791405934,0.7703851925962981,-0.1119562417404978,0.01277340163219485
1.0956324050604391,0.7723861930965482,-0.11176611630467648,0.014019325989285243
1.0984708309802849,0.7743871935967984,-0.11155832404127829,0.015263034316838281
1.1013092569001306,0.7763881940970485,-0.11133289779594742,0.016504330022350838
1.1041476828199763,0.7783891945972987,-0.11108987320172489,0.017743016894682044
1.106986108739822,0.7803901950975488,-0.11082928867341607,0.018978899135068023
1.1098245346596676,0.7823911955977988,-0.11055118540151845,0.02021178138807228
1.1126629605795133,0.784392196098049,-0.1102556073457106,0.021441468772465097
1.115501386499359,0.7863931965982991,-0.10994260122790363,0.02266776691202842
1.1183398124192048,0.7883941970985493,-0.10961221652485571,0.023890481966280935
1.1211782383390505,0.7903951975987994,-0.1092645054603515,0.025109420661117987
1.1240166642588962,0.7923961980990496,-0.10889952299694693,0.02632439031936298
1.1268550901787417,0.7943971985992996,-0.1085173268272815,0.027535198891222995
1.1296935160985875,0.7963981990995497,-0.10811797736495861,0.028741654984646967
1.1325319420184332,0.7983991995997999,-0.10770153773499615,0.02994356789557818
1.135370367938279,0.8004002001000501,-0.10726807376384839,0.031140747638098903
1.1382087938581247,0.8024012006003002,-0.10681765396900066,0.03233300497446186
1.1410472197779704,0.8044022011005504,-0.10635034954813902,0.03352015144500231
1.143885645697816,0.8064032016008004,-0.10586623436789586,0.03470199939792831
1.1467240716176617,0.8084042021010505,-0.10536538495217386,0.03587836201898284
1.1495624975375074,0.8104052026013007,-0.10484788047005016,0.03704905336097269
1.1524009234573531,0.8124062031015508,-0.10431380272326173,0.03821388837316192
1.1552393493771989,0.814407203601801,-0.10376323613327522,0.03937268293052241
1.1580777752970446,0.8164082041020511,-0.10319626772794263,0.04052525386283821
1.16091620121689,0.818409204602301,-0.10261298712774448,0.04167141898365966
1.1637546271367358,0.8204102051025512,-0.10201348653162387,0.0428109971191012
1.1665930530565816,0.8224112056028013,-0.10139786070241241,0.04394380813647956
1.1694314789764273,0.8244122061030515,-0.10076620695185122,0.04506967297278733
1.172269904896273,0.8264132066033016,-0.10011862512520892,0.04618841366299705
1.1751083308161188,0.8284142071035518,-0.09945521758549897,0.047299853368192674
1.1779467567359645,0.8304152076038019,-0.09877608919729938,0.048403816403521746
1.18078518265581,0.8324162081040519,-0.0980813473101767,0.04950012826596636
1.1836236085756557,0.8344172086043021,-0.09737110174171718,0.05058861566192681
1.1864620344955015,0.8364182091045522,-0.0966454647601683,0.05166910653461339
1.1893004604153472,0.8384192096048024,-0.09590455106669223,0.05274143009124417
1.192138886335193,0.8404202101050525,-0.0951484777772353,0.05380541683004147
1.1949773122550387,0.8424212106053027,-0.09437736440401533,0.05486089856702545
1.1978157381748842,0.8444222111055527,-0.0935913328366305,0.055907708462598626
1.20065416409473,0.8464232116058028,-0.09279050732279227,0.056945681047918174
1.2034925900145756,0.848424212106053,-0.09197501444868564,0.05797465225105158
1.2063310159344214,0.8504252126063031,-0.09114498311895958,0.058994459422911406
1.2091694418542671,0.8524262131065533,-0.0903005445363514,0.06000494136296502
1.2120078677741128,0.8544272136068034,-0.08944183218094719,0.06100593834471585
1.2148462936939584,0.8564282141070535,-0.08856898178908316,0.06199729214095079
1.217684719613804,0.8584292146073036,-0.08768213133188925,0.0629788460487518
1.2205231455336498,0.8604302151075538,-0.08678142099348056,0.06395044491426528
1.2233615714534956,0.8624312156078039,-0.08586699314879848,0.06491193515722725
1.2261999973733413,0.8644322161080541,-0.08493899234110518,0.06586316479524014
1.229038423293187,0.8664332166083042,-0.08399756525913617,0.06680398346779601
1.2318768492130325,0.8684342171085542,-0.08304286071391295,0.06773424246004443
1.2347152751328783,0.8704352176088044,-0.08207502961522035,0.06865379472629987
1.237553701052724,0.8724362181090545,-0.08109422494775294,0.06956249491328442
1.2403921269725697,0.8744372186093047,-0.08010060174693213,0.07046019938310459
1.2432305528924155,0.8764382191095548,-0.07909431707440001,0.07134676623595564
1.2460689788122612,0.878439219609805,-0.07807552999319291,0.07222205533255156
1.248907404732107,0.8804402201100551,-0.07704440154259788,0.07308592831627728
1.2517458306519524,0.882441220610305,-0.07600109471269789,0.07393824863505798
1.2545842565717982,0.8844422211105553,-0.0749457744186073,0.0747788815629446
1.257422682491644,0.8864432216108054,-0.07387860747440433,0.07560769422140937
1.2602611084114896,0.8884442221110556,-0.07279976256676295,0.07642455560034983
1.2630995343313354,0.8904452226113057,-0.07170941022828799,0.07722933657879806
1.265937960251181,0.8924462231115559,-0.07060772281055985,0.07802190994533015
1.2687763861710266,0.8944472236118058,-0.06949487445689045,0.07880215041817494
1.2716148120908723,0.8964482241120559,-0.06837104107479636,0.07956993466501723
1.274453238010718,0.8984492246123061,-0.0672364003081939,0.08032514132249241
1.2772916639305638,0.9004502251125562,-0.06609113150931818,0.08106765101537095
1.2801300898504095,0.9024512256128064,-0.06493541571037366,0.08179734637542742
1.2829685157702553,0.9044522261130565,-0.06376943559491784,0.08251411205999332
1.2858069416901008,0.9064532266133066,-0.06259337546898497,0.083217834770189
1.2886453676099465,0.9084542271135567,-0.06140742123195273,0.08390840326883278
1.2914837935297923,0.9104552276138069,-0.06021176034715714,0.08458570839802422
1.294322219449638,0.912456228114057,-0.05900658181226032,0.08524964309639872
1.2971606453694837,0.9144572286143072,-0.05779207612937594,0.08590010241605045
1.2999990712893295,0.9164582291145573,-0.05656843527495608,0.08653698353912176
1.302837497209175,0.9184592296148073,-0.05533585266944637,0.08716018579405514
1.3056759231290207,0.9204602301150575,-0.05409452314671109,0.08776961067150689
1.3085143490488664,0.9224612306153076,-0.052844642923236686,0.08836516183991795
1.3113527749687122,0.9244622311155578,-0.05158640956711578,0.08894674516074114
1.314191200888558,0.9264632316158079,-0.050320021966817174,0.08951426870332178
1.3170296268084036,0.9284642321160581,-0.04904568029974828,0.09006764275942886
1.3198680527282494,0.9304652326163082,-0.04776358600061259,0.09060677985743543
1.3227064786480949,0.9324662331165582,-0.04647394172956926,0.09113159477614506
1.3255449045679406,0.9344672336168084,-0.045176951340198654,0.0916420045582628
1.3283833304877863,0.9364682341170585,-0.04387281984727928,0.0921379285235081
1.331221756407632,0.9384692346173087,-0.042561753394381056,0.09261928828136813
1.3340601823274778,0.9404702351175588,-0.0412439592212807,0.09308600774348859
1.3368986082473235,0.942471235617809,-0.03991964563120271,0.09353801313570134
1.339737034167169,0.944472236118059,-0.038589021957893835,0.09397523300968552
1.3425754600870148,0.9464732366183091,-0.03725229853253272,0.09439759825426172
1.3454138860068605,0.9484742371185593,-0.035909686650483774,0.09480504210631606
1.3482523119267062,0.9504752376188094,-0.03456139853789772,0.09519750016135346
1.351090737846552,0.9524762381190596,-0.03320764731816449,0.0955749103836782
1.3539291637663977,0.9544772386193097,-0.03184864697822569,0.09593721311619964
1.3567675896862432,0.9564782391195598,-0.03048461233474917,0.0962843510898624
1.359606015606089,0.9584792396198099,-0.029115759000172933,0.09661626943269883
1.3624444415259347,0.9604802401200601,-0.027742303348624233,0.09693291567850239
1.3652828674457804,0.9624812406203102,-0.026364462481716342,0.09723423977512127
1.3681212933656262,0.9644822411205604,-0.024982454194232253,0.09752019409236985
1.370959719285472,0.9664832416208105,-0.023596496939697235,0.09779073342955778
1.3737981452053174,0.9684842421210604,-0.022206809795848402,0.09804581502263474
1.3766365711251631,0.9704852426213106,-0.02081361243000504,0.09828539855095011
1.3794749970450089,0.9724862431215607,-0.0194171250643459,0.09850944614362656
1.3823134229648546,0.9744872436218109,-0.018017568441098652,0.09871792238554615
1.3851518488847003,0.976488244122061,-0.016615163787647644,0.09891079432294843
1.387990274804546,0.9784892446223112,-0.015210132781563891,0.09908803146863952
1.3908287007243918,0.9804902451225613,-0.013802697515565353,0.09924960580681104
1.3936671266442373,0.9824912456228113,-0.012393080462410258,0.0993954917974687
1.396505552564083,0.9844922461230615,-0.010981504439730793,0.09952566638046936
1.3993439784839288,0.9864932466233116,-0.009568192574813315,0.09964010897916607
1.4021824044037745,0.9884942471235618,-0.008153368269327608,0.09973880150366073
1.4050208303236202,0.9904952476238119,-0.006737255164014758,0.09982172835366342
1.407859256243466,0.9924962481240621,-0.005320077103335654,0.09988887642095845
1.4106976821633115,0.9944972486243121,-0.003902058100088374,0.09994023509147634
1.4135361080831572,0.9964982491245622,-0.0024834222999984695,0.0999757962469715
1.416374534003003,0.9984992496248124,-0.001064393946288233,0.09999555426630563
1.4192129599228487,1.0005002501250626,0.0003548026557689399,0.09999950602633606
1.4220513858426944,1.0025012506253126,0.0017739431743050015,0.0999876509024096
1.4248898117625401,1.0045022511255628,0.0031928032863170054,0.09995999076846121
1.4277282376823857,1.0065032516258128,0.004611158713125357,0.09991652999671774
1.4305666636022314,1.008504252126063,0.0060287852558264625,0.09985727545700689
1.4334050895220771,1.0105052526263132,0.007445458830730859,0.09978223651567125
1.4362435154419229,1.0125062531265632,0.008860955504784145,0.09969142503408779
1.4390819413617686,1.0145072536268134,0.010275051530964587,0.09958485536679296
1.4419203672816143,1.0165082541270636,0.011687523383649928,0.09946254435921359
1.4447587932014598,1.0185092546273136,0.013098147793950604,0.09932451134500421
1.4475972191213056,1.0205102551275638,0.014506701785001862,0.099170778142991
1.4504356450411513,1.022511255627814,0.01591296270720874,0.09900136905372282
1.453274070960997,1.024512256128064,0.017316708273441287,0.09881631085563011
1.4561124968808428,1.0265132566283142,0.01871771659417053,0.09861563280079202
1.4589509228006885,1.0285142571285644,0.020115766212543143,0.09839936661031247
1.4617893487205342,1.0305152576288146,0.021510636139386762,0.09816754646930609
1.4646277746403797,1.0325162581290646,0.022902105888141254,0.09792020902149459
1.4674662005602255,1.0345172586293145,0.024289955509711955,0.09765739336341443
1.4703046264800712,1.0365182591295647,0.025673965627236013,0.09737914103823692
1.473143052399917,1.038519259629815,0.027053917470759338,0.09708549602920148
1.4759814783197627,1.0405202601300652,0.028429592911818066,0.09677650475266321
1.4788199042396084,1.0425212606303151,0.029800774497917255,0.09645221605075593
1.481658330159454,1.0445222611305651,0.031167245486904093,0.09611268118367164
1.4844967560792997,1.0465232616308153,0.03252878988122838,0.09575795382155783
1.4873351819991454,1.0485242621310655,0.03388519246208425,0.09538809003603403
1.4901736079189911,1.0505252626313157,0.03523623882343086,0.09500314829132837
1.4930120338388368,1.0525262631315657,0.036581715405882544,0.09460318943503637
1.4958504597586826,1.054527263631816,0.03792140953046676,0.09418827668850258
1.498688885678528,1.056528264132066,0.039255109432241794,0.09375847563682732
1.5015273115983738,1.0585292646323161,0.04058260429377047,0.09331385421849973
1.5043657375182196,1.0605302651325663,0.041903684278444035,0.09285448271465853
1.5072041634380653,1.0625312656328163,0.04321814056365062,0.09238043373798305
1.510042589357911,1.0645322661330665,0.044525765373784304,0.09189178222121504
1.5128810152777568,1.0665332666333167,0.04582635201308781,0.09138860540531422
1.5157194411976023,1.0685342671335667,0.04711969489832452,0.09087098282724898
1.518557867117448,1.070535267633817,0.0484055895912758,0.09033899630742363
1.5213962930372937,1.072536268134067,0.049683832831055666,0.0897927299367454
1.5242347189571395,1.074537268634317,0.050954222566240256,0.08923227006333223
1.5270731448769852,1.0765382691345673,0.052216557986806564,0.08865770527886346
1.529911570796831,1.0785392696348175,0.05347063955587368,0.08806912640457656
1.5327499967166767,1.0805402701350677,0.05471626904124412,0.08746662647691072
1.5355884226365222,1.0825412706353177,0.055953249546738,0.08685030073280076
1.538426848556368,1.0845422711355677,0.05718138554331638,0.08622024659462313
1.5412652744762136,1.0865432716358179,0.05840048289998856,0.0855765636547962
1.5441037003960594,1.088544272136068,0.059610348914498006,0.084919353660038
1.546942126315905,1.0905452726363183,0.06081079234378314,0.08424872049528292
1.5497805522357508,1.0925462731365683,0.062001623434206905,0.08356477016726066
1.5526189781555964,1.0945472736368183,0.06318265395155061,0.0828676107877401
1.555457404075442,1.0965482741370685,0.06435369721076906,0.08215735255643948
1.5582958299952878,1.0985492746373187,0.06551456810549856,0.08143410774360799
1.5611342559151336,1.1005502751375689,0.06666508313731752,0.08069799067227856
1.5639726818349793,1.1025512756378189,0.06780506044475172,0.07994911770019719
1.566811107754825,1.104552276138069,0.06893431983202072,0.0791876072014304
1.5696495336746705,1.106553276638319,0.07005268279752189,0.07841357954765364
1.5724879595945163,1.1085542771385692,0.07115997256204601,0.07762715708912417
1.575326385514362,1.1105552776388194,0.07225601409672014,0.07682846413534163
1.5781648114342077,1.1125562781390694,0.0733406341506751,0.07601762693539793
1.5810032373540535,1.1145572786393196,0.07441366127843053,0.07519477365802157
1.5838416632738992,1.1165582791395698,0.07547492586699578,0.07436003437131768
1.5866800891937447,1.1185592796398198,0.07652426016268017,0.07351354102220846
1.5895185151135904,1.12056028014007,0.07756149829760994,0.07265542741557623
1.5923569410334362,1.1225612806403202,0.07858647631594691,0.07178582919311302
1.595195366953282,1.1245622811405702,0.07959903219980466,0.07090488381187984
1.5980337928731276,1.1265632816408204,0.08059900589485909,0.07001273052257864
1.6008722187929734,1.1285642821410706,0.08158623933564789,0.06910951034754113
1.603710644712819,1.1305652826413208,0.0825605764705557,0.06819536605843764
1.6065490706326646,1.1325662831415708,0.08352186328648145,0.0672704421537089
1.6093874965525103,1.1345672836418208,0.08446994783318329,0.06633488483572526
1.612225922472356,1.136568284142071,0.08540468024729661,0.06538884198767701
1.6150643483922018,1.1385692846423212,0.08632591277602367,0.06443246315019789
1.6179027743120475,1.1405702851425714,0.08723349980048825,0.06346589949772782
1.6207412002318933,1.1425712856428214,0.08812729785875398,0.06248930381461635
1.6235796261517388,1.1445722861430714,0.08900716566850107,0.06150283047097241
1.6264180520715845,1.1465732866433216,0.08987296414935884,0.06050663539826293
1.6292564779914303,1.1485742871435718,0.09072455644489016,0.05950087606466484
1.632094903911276,1.150575287643822,0.09156180794422404,0.05848571145017433
1.6349333298311217,1.152576288144072,0.09238458630333383,0.05746130202147659
1.6377717557509675,1.1545772886443222,0.09319276146595673,0.05642780970658106
1.640610181670813,1.1565782891445722,0.09398620568415138,0.055385397869225854
1.6434486075906587,1.1585792896448224,0.09476479353849164,0.054334231283054105
1.6462870335105044,1.1605802901450726,0.09552840195789078,0.05327447610556927
1.6491254594303502,1.1625812906453226,0.09627691023905585,0.05220629985186989
1.651963885350196,1.1645822911455728,0.09701020006556706,0.051129871368170814
1.6548023112700416,1.166583291645823,0.09772815552657979,0.05004536080511401
1.6576407371898871,1.168584292146073,0.09843066313514685,0.04895293959087248
1.6604791631097329,1.1705852926463232,0.09911761184615739,0.04785278040405263
1.6633175890295786,1.1725862931465734,0.09978889307388929,0.04674505714639973
1.6661560149494243,1.1745872936468233,0.10044440070917378,0.04562994491530846
1.66899444086927,1.1765882941470736,0.10108403113616772,0.04450761997614603
1.6718328667891158,1.1785892946473238,0.10170768324873235,0.04337825973438947
1.6746712927089615,1.180590295147574,0.10231525846641504,0.042242042707583374
1.677509718628807,1.182591295647824,0.10290666075003163,0.04109914849712211
1.6803481445486528,1.184592296148074,0.10348179661684782,0.039949757759859345
1.6831865704684985,1.1865932966483241,0.10404057515535536,0.03879405217955284
1.6860249963883442,1.1885942971485743,0.10458290803964282,0.03763221443814488
1.68886342230819,1.1905952976488245,0.1051087095433571,0.036464428186886125
1.6917018482280357,1.1925962981490745,0.105617896553254,0.03529087801730617
1.6945402741478812,1.1945972986493245,0.10611038858233618,0.03411174943203483
1.697378700067727,1.1965982991495747,0.10658610778257567,0.03292722881547972
1.7002171259875727,1.198599299649825,0.10704497895721897,0.031737503404365305
1.7030555519074184,1.2006003001500751,0.10748692957267375,0.03054276125813551
1.7058939778272642,1.2026013006503251,0.10791188976997394,0.029343191229228033
1.7087324037471099,1.2046023011505753,0.10831979237582252,0.028138982933221802
1.7115708296669554,1.2066033016508253,0.10871057291320936,0.02693032671886529
1.7144092555868011,1.2086043021510755,0.10908416961160333,0.025717413637987237
1.7172476815066469,1.2106053026513257,0.10944052341671613,0.024500435415297894
1.7200861074264926,1.2126063031515757,0.10977957799983702,0.02327958441808313
1.7229245333463383,1.214607303651826,0.11010127976673677,0.02205505362579653
1.725762959266184,1.216608304152076,0.11040557786613925,0.02082703659955551
1.7286013851860296,1.218609304652326,0.1106924241977593,0.0195957274515455
1.7314398111058753,1.2206103051525763,0.11096177341990629,0.01836132081433576
1.734278237025721,1.2226113056528263,0.11121358295665085,0.017124011810115105
1.7371166629455668,1.2246123061530765,0.1114478130045551,0.01588399601984805
1.7399550888654125,1.2266133066533267,0.11166442653896431,0.01464146945235976
1.7427935147852582,1.228614307153577,0.11186338931985931,0.013396628513353251
1.745631940705104,1.2306153076538269,0.11204466989726886,0.01214966997436303
1.7484703666249495,1.232616308154077,0.11220823961624087,0.010900790941652257
1.7513087925447952,1.234617308654327,0.112354072621372,0.009650188825055287
1.754147218464641,1.2366183091545773,0.11248214586089449,0.00839806130677395
1.7569856443844867,1.2386193096548275,0.11259243909031993,0.007144606310129917
1.7598240703043324,1.2406203101550777,0.11268493487563946,0.0058900219682785976
1.7626624962241781,1.2426213106553277,0.11275961859607941,0.004634506592890568
1.7655009221440237,1.2446223111555776,0.11281647844641242,0.003378258642804878
1.7683393480638694,1.2466233116558278,0.11285550543882354,0.0021214766926577595
1.7711777739837151,1.248624312156078,0.1128766934043309,0.0008643594014952522
1.7740161999035609,1.2506253126563283,0.11288003899376081,-0.000392894518629731
1.7768546258234066,1.2526263131565782,0.11286554167827727,-0.0016500863340673895
1.7796930517432523,1.2546273136568284,0.11283320374946537,-0.0029070173209845202
1.7825314776630978,1.2566283141570784,0.1127830303189693,-0.004163488796777253
1.7853699035829436,1.2586293146573286,0.11271502931768414,-0.005419302151476376
1.7882083295027893,1.2606303151575788,0.11262921149450236,-0.00667425887914163
1.791046755422635,1.2626313156578288,0.11252559041461467,-0.007928160609239555
1.7938851813424808,1.264632316158079,0.11240418245736587,-0.009180809137999488
1.7967236072623265,1.2666333166583292,0.11226500681366565,-0.010432006459744183
1.799562033182172,1.2686343171585792,0.1121080854829552,-0.011681554798187692
1.8024004591020177,1.2706353176588294,0.11193344326972966,-0.012929256637698762
1.8052388850218635,1.2726363181590794,0.1117411077796174,-0.014174914754521257
1.8080773109417092,1.2746373186593296,0.11153110941501634,-0.015418332247949341
1.810915736861555,1.2766383191595798,0.11130348137028824,-0.016659312571452017
1.8137541627814007,1.27863931965983,0.11105825962651175,-0.017897659563740367
1.8165925887012464,1.28064032016008,0.11079548294579476,-0.019133177479775762
1.819431014621092,1.2826413206603302,0.11051519286514751,-0.020365671021709882
1.8222694405409376,1.2846423211605802,0.11021743368991657,-0.021594945369756757
1.8251078664607834,1.2866433216608304,0.10990225248678179,-0.022820806212986672
1.8279462923806291,1.2886443221610806,0.10956969907631632,-0.024043059780041304
1.8307847183004748,1.2906453226613308,0.10921982602511146,-0.025261512869763636
1.8336231442203206,1.2926463231615808,0.1088526886374676,-0.026475972881736143
1.836461570140166,1.2946473236618308,0.10846834494665233,-0.027686247846725572
1.8392999960600118,1.296648324162081,0.10806685570572681,-0.028892146457027985
1.8421384219798576,1.2986493246623312,0.1076482843779431,-0.030093478096707482
1.8449768478997033,1.3006503251625814,0.10721269712671194,-0.031290052871728154
1.847815273819549,1.3026513256628314,0.10676016280514485,-0.03248168163996937
1.8506536997393948,1.3046523261630816,0.10629075294517033,-0.033668176041123925
1.8534921256592403,1.3066533266633316,0.1058045417462266,-0.034849348526472555
1.856330551579086,1.3086543271635818,0.10530160606353346,-0.03602501238852857
1.8591689774989317,1.310655327663832,0.1047820253959432,-0.03719498179055191
1.8620074034187775,1.312656328164082,0.10424588187337479,-0.038359071795923155
1.8648458293386232,1.3146573286643322,0.10369326024383138,-0.0395170983973769
1.867684255258469,1.3166583291645824,0.10312424786000404,-0.04066887854608818
1.8705226811783144,1.3186593296648323,0.10253893466546445,-0.04181423018060578
1.8733611070981602,1.3206603301650826,0.10193741318044686,-0.042952972255631945
1.876199533018006,1.3226613306653325,0.10131977848722419,-0.044084924770638995
1.8790379589378516,1.3246623311655827,0.10068612821507802,-0.04520990879832241
1.8818763848576974,1.326663331665833,0.10003656252486616,-0.04632774651288432
1.884714810777543,1.3286643321660832,0.09937118409319073,-0.047438261218141355
1.8875532366973886,1.3306653326663331,0.098690098096168,-0.04854127737545547
1.8903916626172343,1.3326663331665833,0.09799341219280272,-0.04963662063148171
1.89323008853708,1.3346673336668333,0.0972812365079714,-0.05072411784572706
1.8960685144569258,1.3366683341670835,0.09655368361501399,-0.05180359711792002
1.8989069403767715,1.3386693346673337,0.09581086851794017,-0.05287488781518166
1.9017453662966173,1.340670335167584,0.0950529086332505,-0.05393782059899798
1.904583792216463,1.342671335667834,0.09427992377137596,-0.05499222745198763
1.9074222181363085,1.344672336168084,0.09349203611774051,-0.05603794170445934
1.9102606440561543,1.346673336668334,0.09268937021344623,-0.05707479806075847
1.913099069976,1.3486743371685843,0.09187205293558798,-0.05810263262539424
1.9159374958958457,1.3506753376688345,0.09104021347719779,-0.05912128292894704
1.9187759218156915,1.3526763381690845,0.0901939833268228,-0.06013058795375036
1.9216143477355372,1.3546773386693347,0.08933349624774178,-0.06113038815934194
1.9244527736553827,1.3566783391695847,0.08845888825682077,-0.06212052550768267
1.9272911995752284,1.358679339669835,0.08757029760301267,-0.06310084348813803
1.9301296254950742,1.360680340170085,0.08666786474550506,-0.06407118714221674
1.93296805141492,1.362681340670335,0.08575173233151687,-0.065031403088066
1.9358064773347656,1.3646823411705853,0.08482204517375116,-0.06598133954471562
1.9386449032546114,1.3666833416708355,0.08387895022750418,-0.06692084635607037
1.9414833291744569,1.3686843421710855,0.08292259656743578,-0.0678497750146455
1.9443217550943026,1.3706853426713357,0.08195313536400625,-0.06876797868504031
1.9471601810141483,1.3726863431715857,0.08097071985957975,-0.06967531222714944
1.949998606933994,1.3746873436718359,0.07997550534420222,-0.07057163221910419
1.9528370328538398,1.376688344172086,0.0789676491310545,-0.07145679697994355
1.9556754587736855,1.3786893446723363,0.07794731053158532,-0.07233066659201005
1.958513884693531,1.3806903451725863,0.07691465083033004,-0.07319310292306559
1.9613523106133768,1.3826913456728362,0.07586983325941533,-0.07404396964812697
1.9641907365332225,1.3846923461730865,0.07481302297275819,-0.07488313227101379
1.9670291624530682,1.3866933466733367,0.07374438701995956,-0.07571045814560873
1.969867588372914,1.3886943471735869,0.07266409431989855,-0.07652581649682505
1.9727060142927597,1.390695347673837,0.07157231563403234,-0.07732907844127762
1.9755444402126054,1.392696348174087,0.0704692235394035,-0.07812011700765564
1.978382866132451,1.394697348674337,0.06935499240136037,-0.07889880715679348
1.9812212920522967,1.3966983491745872,0.06822979834599628,-0.07966502580143461
1.9840597179721424,1.3986993496748374,0.06709381923230813,-0.08041865182568897
1.9868981438919882,1.4007003501750876,0.06594723462408332,-0.08115956610417688
1.9897365698118339,1.4027013506753376,0.0647902257615158,-0.08188765152085949
1.9925749957316796,1.4047023511755878,0.06362297553255694,-0.08260279298755158
1.9954134216515251,1.4067033516758378,0.06244566844400765,-0.08330487746211275
1.9982518475713709,1.408704352176088,0.061258490592352194,-0.08399379396631688
2.001090273491217,1.4107053526763382,0.06006162963434305,-0.08466943360339353
2.003928699411062,1.4127063531765882,0.05885527475733772,-0.08533168957524168
2.006767125330908,1.4147073536768382,0.0576396166493933,-0.08598045719931141
2.0096055512507536,1.4167083541770884,0.05641484746912579,-0.0866156339251505
2.0124439771705993,1.4187093546773386,0.055181160815334244,-0.08723711935061519
2.015282403090445,1.4207103551775888,0.05393875169639987,-0.08784481523774013
2.0181208290102908,1.4227113556778388,0.05268781649946065,-0.08843862552826699
2.0209592549301365,1.424712356178089,0.051428552959367956,-0.0890184563588288
2.0237976808499822,1.4267133566783392,0.05016116012743169,-0.08958421607578615
2.026636106769828,1.4287143571785894,0.04888583833995589,-0.09013581524971527
2.0294745326896737,1.4307153576788394,0.04760278918657101,-0.09067316668954431
2.0323129586095194,1.4327163581790896,0.046312215478369854,-0.09119618545633507
2.035151384529365,1.4347173586793398,0.04501432121584854,-0.09170478887670963
2.037989810449211,1.43671835917959,0.04370931155666068,-0.09219889655591831
2.040828236369056,1.4387193596798398,0.042397392783187486,-0.09267843039054793
2.043666662288902,1.44072036018009,0.04107877226993129,-0.09314331458086733
2.0465050882087477,1.4427213606803402,0.039753658450736445,-0.0935934756428089
2.0493435141285934,1.4447223611805902,0.03842226078584095,-0.09402884241958459
2.052181940048439,1.4467233616808404,0.03708478972876846,-0.09444934609293319
2.055020365968285,1.4487243621810906,0.03574145669306145,-0.09485492019399863
2.0578587918881306,1.4507253626813408,0.03439247401886256,-0.09524550061383683
2.0606972178079763,1.4527263631815908,0.03303805493935118,-0.09562102561354903
2.063535643727822,1.454727363681841,0.03167841354703727,-0.09598143583404105
2.066374069647668,1.4567283641820912,0.0303137647599192,-0.09632667430540622
2.0692124955675135,1.4587293646823414,0.0289443242875129,-0.0966566864559304
2.0720509214873593,1.4607303651825914,0.02757030859675399,-0.0969714201207182
2.0748893474072045,1.4627313656828413,0.026191934877781518,-0.09727082554993866
2.0777277733270503,1.4647323661830913,0.024809421009605218,-0.0975548554166894
2.080566199246896,1.4667333666833415,0.0234229855256678,-0.0978234648244771
2.0834046251667417,1.4687343671835917,0.022032847579300113,-0.09807661131431461
2.0862430510865875,1.470735367683842,0.020639226909079232,-0.09831425487143246
2.089081477006433,1.472736368184092,0.019242343804095667,-0.09853635793160373
2.091919902926279,1.4747373686843421,0.017842419069131747,-0.09874288538708201
2.0947583288461247,1.4767383691845923,0.016439673989758517,-0.09893380459215084
2.0975967547659704,1.4787393696848425,0.015034330297358364,-0.09910908536828394
2.100435180685816,1.4807403701850925,0.013626610134075278,-0.09926870000891558
2.103273606605662,1.4827413706853427,0.012216736017701277,-0.09941262328382006
2.1061120325255076,1.484742371185593,0.01080493080650234,-0.09954083244309997
2.1089504584453533,1.4867433716858431,0.009391417663992468,-0.0996533072207822
2.1117888843651986,1.488744372186093,0.007976420023657912,-0.0997500298380213
2.1146273102850444,1.490745372686343,0.006560161553637737,-0.09983098500590991
2.11746573620489,1.4927463731865933,0.005142866121371074,-0.09989615992789536
2.120304162124736,1.4947473736868433,0.0037247577582090845,-0.09994554430180247
2.1231425880445816,1.4967483741870935,0.002306060624002004,-0.09997913032146202
2.1259810139644273,1.4987493746873437,0.0008869989716674895,-0.09999691267794462
2.128819439884273,1.500750375187594,-0.0005322028882575637,-0.09999888856039992
2.1316578658041188,1.502751375687844,-0.0019513206230742995,-0.09998505765650095
2.1344962917239645,1.504752376188094,-0.0033701299133808847,-0.09995542215249342
2.1373347176438102,1.5067533766883443,-0.004788406488531392,-0.0999099867328502
2.140173143563656,1.5087543771885945,-0.006205926162085779,-0.09984875857953085
2.1430115694835017,1.5107553776888445,-0.00762246486724775,-0.0997717473708463
2.145849995403347,1.5127563781890945,-0.00903779869228151,-0.09967896527992909
2.1486884213231927,1.5147573786893445,-0.01045170391590681,-0.0995704269728091
2.1515268472430384,1.5167583791895947,-0.011863957042661882,-0.09944614960609532
2.154365273162884,1.5187593796898449,-0.013274334838230881,-0.09930615282426394
2.15720369908273,1.520760380190095,-0.01468261436473086,-0.09915045875655315
2.1600421250025756,1.522761380690345,-0.016088573015952054,-0.09897909201346508
2.1628805509224214,1.5247623811905953,-0.01749198855254398,-0.09879207968287577
2.165718976842267,1.5267633816908455,-0.018892639137145322,-0.09858945132575338
2.168557402762113,1.5287643821910957,-0.020290303369450265,-0.09837123897148531
2.1713958286819586,1.5307653826913457,-0.02168476032120398,-0.09813747711281562
2.1742342546018043,1.5327663831915959,-0.02307578957112545,-0.09788820270039256
2.17707268052165,1.534767383691846,-0.024463171239748987,-0.09762345513692791
2.1799111064414953,1.5367683841920958,-0.025846686024181092,-0.0973432762709685
2.182749532361341,1.538769384692346,-0.027226115232765184,-0.09704771039028126
2.185587958281187,1.5407703851925962,-0.02860124081964951,-0.09673680421485284
2.1884263842010325,1.5427713856928464,-0.029971845419254954,-0.0964106068895043
2.1912648101208783,1.5447723861930964,-0.03133771238063256,-0.09606916997612303
2.194103236040724,1.5467733866933466,-0.032698625801710034,-0.0957125474455124
2.1969416619605697,1.5487743871935968,-0.03405437056341991,-0.09534079566886035
2.1997800878804155,1.550775387693847,-0.03540473236370217,-0.0949539734088291
2.202618513800261,1.552776388194097,-0.03674949775137946,-0.09455214181026658
2.205456939720107,1.5547773886943472,-0.038088454159897804,-0.09413536439054088
2.2082953656399527,1.5567783891945974,-0.03942138994092582,-0.09370370702950055
2.2111337915597984,1.5587793896948476,-0.04074809439781057,-0.09325723795906085
2.213972217479644,1.5607803901950976,-0.04206835781888201,-0.0927960277524183
2.2168106433994894,1.5627813906953476,-0.04338197151060255,-0.0923201493128951
2.219649069319335,1.5647823911955976,-0.04468872783055477,-0.09182967786241551
2.222487495239181,1.5667833916958478,-0.045988420220262866,-0.09132469092961562
2.2253259211590266,1.568784392196098,-0.04728084323784454,-0.09080526833758809
2.2281643470788723,1.5707853926963482,-0.04856579259048384,-0.0902714921912649
2.231002772998718,1.5727863931965982,-0.04984306516672418,-0.089723446864439
2.233841198918564,1.5747873936968484,-0.051112459068574666,-0.08916121898642695
2.2366796248384095,1.5767883941970986,-0.052373773643422925,-0.08858489742837611
2.2395180507582553,1.5787893946973488,-0.05362680951575291,-0.0879945732892164
2.242356476678101,1.5807903951975988,-0.05487136861865978,-0.08739033988126044
2.2451949025979467,1.582791395697849,-0.05610725422515893,-0.0867722927154535
2.2480333285177925,1.5847923961980992,-0.05733427097928152,-0.08614052948627658
2.2508717544376378,1.586793396698349,-0.05855222492695467,-0.08549515005630365
2.2537101803574835,1.5887943971985992,-0.05976092354666089,-0.08483625644041584
2.2565486062773292,1.5907953976988494,-0.060960175779867884,-0.0841639527896771
2.259387032197175,1.5927963981990994,-0.06214979206123019,-0.08347834537487037
2.2622254581170207,1.5947973986993496,-0.06332958434855417,-0.08277954256969927
2.2650638840368664,1.5967983991995998,-0.06449936615252064,-0.08206765483365801
2.267902309956712,1.59879939969985,-0.06565895256616376,-0.0813427946945709
2.270740735876558,1.6008004002001002,-0.06680816029409961,-0.08060507673080476
2.2735791617964036,1.6028014007003502,-0.06794680768149874,-0.07985461755315819
2.2764175877162494,1.6048024012006004,-0.06907471474280087,-0.07909153578642851
2.279256013636095,1.6068034017008506,-0.07019170319016482,-0.07831595205066101
2.282094439555941,1.6088044022011008,-0.07129759646165106,-0.0775279889420822
2.2849328654757866,1.6108054027013508,-0.07239221974912978,-0.07672777101372162
2.287771291395632,1.6128064032016007,-0.0734754000259132,-0.07591542475572366
2.2906097173154776,1.6148074037018507,-0.07454696607410674,-0.07509107857535252
2.2934481432353233,1.616808404202101,-0.07560674851167162,-0.0742548627766962
2.296286569155169,1.6188094047023511,-0.07665457981920011,-0.07340690954006869
2.2991249950750148,1.6208104052026013,-0.07769029436639548,-0.07254735290111597
2.3019634209948605,1.6228114057028513,-0.07871372843825228,-0.0716763287296298
2.3048018469147062,1.6248124062031015,-0.07972472026093513,-0.07079397470807042
2.307640272834552,1.6268134067033517,-0.08072311002735069,-0.06990043030980284
2.3104786987543977,1.628814407203602,-0.08170873992240743,-0.068995836777051
2.3133171246742434,1.630815407703852,-0.08268145414796199,-0.06808033709857124
2.316155550594089,1.6328164082041021,-0.08364109894744585,-0.06715407598705034
2.318993976513935,1.6348174087043523,-0.08458752263017014,-0.06621719985623031
2.32183240243378,1.636818409204602,-0.08552057559530231,-0.0652698567977658
2.324670828353626,1.6388194097048523,-0.08644011035551451,-0.06431219655781427
2.3275092542734717,1.6408204102051025,-0.08734598156029637,-0.06334437051336618
2.3303476801933174,1.6428214107053525,-0.08823804601893029,-0.06236653164831714
2.333186106113163,1.6448224112056027,-0.08911616272312584,-0.06137883452928547
2.336024532033009,1.646823411705853,-0.08998019286930913,-0.060381435281179556
2.3388629579528546,1.648824412206103,-0.09082999988056284,-0.05937449156252009
2.3417013838727003,1.650825412706353,-0.0916654494282152,-0.058358162540518545
2.344539809792546,1.6528264132066033,-0.09248640945307357,-0.05733260886591736
2.347378235712392,1.6548274137068535,-0.09329275018629835,-0.05629799264759671
2.3502166616322375,1.6568284142071037,-0.09408434416991594,-0.05525447742694946
2.3530550875520833,1.6588294147073537,-0.09486106627696572,-0.054202228152030574
2.355893513471929,1.6608304152076039,-0.09562279373127933,-0.05314141115148319
2.3587319393917743,1.6628314157078539,-0.09636940612688698,-0.0520721941082482
2.36157036531162,1.6648324162081038,-0.09710078544705082,-0.05099474603305757
2.3644087912314657,1.666833416708354,-0.09781681608291948,-0.04990923723771942
2.3672472171513115,1.6688344172086043,-0.09851738485180205,-0.04881583930819708
2.370085643071157,1.6708354177088545,-0.09920238101505906,-0.04771472507748637
2.372924068991003,1.6728364182091044,-0.0998716962956072,-0.04660606859829544
2.3757624949108487,1.6748374187093547,-0.1005252248950341,-0.045490045115533256
2.3786009208306944,1.6768384192096049,-0.10116286351032208,-0.044366831038608084
2.38143934675054,1.678839419709855,-0.10178451135017723,-0.04323660391354284
2.384277772670386,1.680840420210105,-0.10239007015096165,-0.04209954239490982
2.3871161985902316,1.6828414207103553,-0.10297944419222546,-0.04095582621759179
2.3899546245100773,1.6848424212106055,-0.10355254031183767,-0.039805636168370906
2.3927930504299226,1.6868434217108552,-0.10410926792071222,-0.03864915405735146
2.3956314763497684,1.6888444222111054,-0.10464953901712742,-0.03748656268922156
2.398469902269614,1.6908454227113556,-0.10517326820063601,-0.036318045834357784
2.40130832818946,1.6928464232116056,-0.1056803726855649,-0.03514378819977545
2.4041467541093056,1.6948474237118558,-0.10617077231410059,-0.03396397539993327
2.4069851800291513,1.696848424212106,-0.10664438956895989,-0.032778793927392816
2.409823605948997,1.6988494247123562,-0.10710114958564323,-0.03158843112333921
2.4126620318688428,1.7008504252126062,-0.10754098016426814,-0.030393075147969184
2.4155004577886885,1.7028514257128564,-0.10796381178098197,-0.029192914950748
2.4183388837085342,1.7048524262131066,-0.10836957759895152,-0.02798814024054261
2.42117730962838,1.7068534267133568,-0.10875821347892814,-0.026778941455633778
2.4240157355482257,1.7088544272136068,-0.10912965798938572,-0.02556550973361457
2.4268541614680714,1.710855427713857,-0.10948385241623144,-0.02434803688117684
2.4296925873879167,1.712856428214107,-0.10982074077208678,-0.02312671534379203
2.4325310133077624,1.714857428714357,-0.11014026980513726,-0.021901738175291757
2.435369439227608,1.7168584292146072,-0.1104423890075498,-0.02067329900735239
2.438207865147454,1.7188594297148574,-0.11072705062345688,-0.01944159201888652
2.4410462910672996,1.7208604302151076,-0.11099420965650486,-0.018206811905350426
2.4438847169871454,1.7228614307153576,-0.1112438238769668,-0.016969153847968096
2.446723142906991,1.7248624312156078,-0.11147585382841768,-0.01572881348287848
2.449561568826837,1.726863431715858,-0.11169026283397113,-0.014485986870212426
2.4523999947466826,1.7288644322161082,-0.11188701700207701,-0.013240870463100804
2.4552384206665283,1.7308654327163582,-0.11206608523187865,-0.01199366107662161
2.458076846586374,1.7328664332166084,-0.112227439218129,-0.010744555856688758
2.4609152725062198,1.7348674337168586,-0.11237105345566464,-0.009493752248890364
2.463753698426065,1.7368684342171083,-0.11249690524343758,-0.008241447967278255
2.466592124345911,1.7388694347173586,-0.11260497468810354,-0.006987840963114132
2.4694305502657565,1.7408704352176088,-0.1126952447071664,-0.005733129393581617
2.4722689761856023,1.7428714357178587,-0.11276770103167849,-0.004477511590462381
2.475107402105448,1.744872436218109,-0.11282233220849615,-0.003221186028785567
2.4779458280252937,1.7468734367183592,-0.11285912960208994,-0.001964351295455973
2.4807842539451395,1.7488744372186094,-0.11287808739590986,-0.0007072060578629693
2.483622679864985,1.7508754377188593,-0.11287920259330464,0.0005500509675233168
2.486461105784831,1.7528764382191095,-0.11286247501799544,0.0018072210465619708
2.4892995317046767,1.7548774387193598,-0.11282790731410373,0.0030641054588558315
2.4921379576245224,1.75687843921961,-0.11277550494573335,0.004320505529162795
2.494976383544368,1.75887943971986,-0.11270527619610679,0.005576222658801044
2.497814809464214,1.7608804402201101,-0.11261723216625581,0.006831058357040398
2.500653235384059,1.7628814407203601,-0.11251138677326686,0.008084814272478034
2.503491661303905,1.76488244122061,-0.11238775674808094,0.009337292224393038
2.5063300872237506,1.7668834417208603,-0.11224636163284922,0.01058829423407065
2.5091685131435963,1.7688844422211105,-0.11208722377784396,0.011837622556097918
2.512006939063442,1.7708854427213607,-0.11191036833792539,0.013085079709621587
2.514845364983288,1.7728864432216107,-0.11171582326856583,0.014330468509562766
2.5176837909031335,1.774887443721861,-0.11150361932143049,0.015573592097786613
2.5205222168229793,1.7768884442221111,-0.11127379003951683,0.01681425397421926
2.523360642742825,1.7788894447223613,-0.11102637175185211,0.018052258027909215
2.5261990686626707,1.7808904452226113,-0.11076140356775115,0.019287408568025497
2.5290374945825165,1.7828914457228615,-0.11047892737063429,0.020519510354790927
2.531875920502362,1.7848924462231117,-0.11017898781140668,0.02174836863034414
2.5347143464222075,1.7868934467233615,-0.10986163230140071,0.022973789149523652
2.5375527723420532,1.7888944472236117,-0.1095269110048813,0.024195578210573353
2.540391198261899,1.7908954477238619,-0.10917487683111668,0.025413542685760338
2.5432296241817447,1.7928964482241119,-0.10880558542601511,0.026627490051902188
2.5460680501015904,1.794897448724362,-0.10841909516332887,0.027837228420799394
2.548906476021436,1.7968984492246123,-0.10801546713542695,0.02904256656956755
2.551744901941282,1.7988994497248625,-0.10759476514363857,0.03024331397086288
2.5545833278611276,1.8009004502251125,-0.10715705568816786,0.03143928082299945
2.5574217537809734,1.8029014507253627,-0.10670240795758235,0.0326302780799508
2.560260179700819,1.8049024512256129,-0.1062308938178761,0.03381611748123297
2.563098605620665,1.806903451725863,-0.10574258780111023,0.034996611581661764
2.5659370315405106,1.808904452226113,-0.10523756709363154,0.03617157378098271
2.5687754574603563,1.8109054527263633,-0.1047159115238714,0.037340818353367305
2.5716138833802016,1.8129064532266133,-0.10417770354972784,0.03850416047676953
2.5744523093000473,1.8149074537268632,-0.10362302824553096,0.03966141626214171
2.577290735219893,1.8169084542271134,-0.10305197328859546,0.040812402782501325
2.580129161139739,1.8189094547273637,-0.10246462894536167,0.04195693810184586
2.5829675870595845,1.8209104552276139,-0.10186108805712703,0.043094841303911696
2.5858060129794302,1.8229114557278638,-0.1012414460253705,0.04422593252077196
2.588644438899276,1.824912456228114,-0.10060580079667289,0.04535003296126723
2.5914828648191217,1.8269134567283642,-0.09995425284723419,0.04646696493926758
2.5943212907389674,1.8289144572286145,-0.09928690516699154,0.0475765519017591
2.597159716658813,1.8309154577288644,-0.09860386324333925,0.04867861845675214
2.599998142578659,1.8329164582291146,-0.09790523504445497,0.04977299040100455
2.6028365684985046,1.8349174587293648,-0.09719113100223302,0.0508594947475584
2.60567499441835,1.8369184592296146,-0.09646166399482815,0.05193795975308422
2.6085134203381957,1.8389194597298648,-0.09571694932881322,0.05300821494502812
2.6113518462580414,1.840920460230115,-0.094957104720953,0.0540700911485579
2.614190272177887,1.842921460730365,-0.094182250279596,0.05512342051330547
2.617028698097733,1.8449224612306152,-0.09339250848568968,0.056168036539897825
2.6198671240175786,1.8469234617308654,-0.09258800417341978,0.05720377410627606
2.6227055499374243,1.8489244622311156,-0.09176886451047732,0.05823046949379654
2.62554397585727,1.8509254627313656,-0.09093521897795795,0.05924796041310892
2.628382401777116,1.8529264632316158,-0.09008719934989452,0.06025608602980984
2.6312208276969615,1.854927463731866,-0.08922493967242791,0.06125468698986565
2.6340592536168073,1.8569284642321162,-0.08834857624261772,0.062243605444801925
2.636897679536653,1.8589294647323662,-0.08745824758689875,0.06322268507665377
2.6397361054564987,1.8609304652326164,-0.08655409443918378,0.06419177112267528
2.642574531376344,1.8629314657328664,-0.08563625971861752,0.06515071039980322
2.6454129572961897,1.8649324662331164,-0.08470488850698568,0.06609935132887017
2.6482513832160355,1.8669334667333666,-0.0837601280257824,0.06703754395856434
2.651089809135881,1.8689344672336168,-0.08280212761293804,0.06796513998913316
2.653928235055727,1.870935467733867,-0.0818310386992143,0.06888199279582405
2.6567666609755727,1.872936468234117,-0.08084701478426731,0.06978795745206179
2.6596050868954184,1.8749374687343672,-0.07985021141238349,0.07068289075235734
2.662443512815264,1.8769384692346174,-0.07884078614789355,0.07156665123494353
2.66528193873511,1.8789394697348676,-0.07781889855026587,0.07243909920413634
2.6681203646549556,1.8809404702351176,-0.07678471014888526,0.07330009675241635
2.6709587905748013,1.8829414707353678,-0.0757383844175194,0.07414950778222819
2.673797216494647,1.884942471235618,-0.07468008674847963,0.0749871980274927
2.6766356424144924,1.8869434717358677,-0.07360998442647705,0.07581303507483057
2.679474068334338,1.888944472236118,-0.07252824660217888,0.07662688838449372
2.682312494254184,1.8909454727363681,-0.07143504426547267,0.07742862931099814
2.6851509201740296,1.8929464732366181,-0.07033055021843694,0.07821813112345988
2.6879893460938753,1.8949474737368683,-0.06921493904802613,0.07899526902562733
2.690827772013721,1.8969484742371185,-0.06808838709847459,0.07975992017560721
2.6936661979335668,1.8989494747373687,-0.06695107244342137,0.08051196370528249
2.6965046238534125,1.9009504752376187,-0.06580317485776238,0.08125128073941784
2.6993430497732582,1.902951475737869,-0.06464487578923293,0.0819777544144505
2.702181475693104,1.9049524762381191,-0.06347635832972726,0.08269126989696235
2.7050199016129497,1.9069534767383693,-0.06229780718635674,0.08339171440183185
2.7078583275327954,1.9089544772386193,-0.061109408652252915,0.08407897721006216
2.710696753452641,1.9109554777388695,-0.059911350577121096,0.084752949686282
2.7135351793724864,1.9129564782391195,-0.05870382233754678,0.08541352529591772
2.716373605292332,1.9149574787393695,-0.05748701480705971,0.08606059962203383
2.719212031212178,1.9169584792396197,-0.05626112032596468,0.08669407038183706
2.7220504571320236,1.91895947973987,-0.05502633267093711,0.08731383744284477
2.7248888830518694,1.9209604802401201,-0.05378284702439254,0.08791980283871309
2.727727308971715,1.92296148074037,-0.05253085994363528,0.08851187078472181
2.730565734891561,1.9249624812406203,-0.051270569329787914,0.08908994769291549
2.7334041608114066,1.9269634817408705,-0.05000217439650952,0.0896539421868966
2.7362425867312523,1.9289644822411207,-0.04872587563850537,0.09020376511626975
2.739081012651098,1.9309654827413707,-0.047441874799835804,0.09073932957073311
2.741919438570944,1.932966483241621,-0.046150374842026165,0.09126055089381659
2.7447578644907895,1.934967483741871,-0.044851579911984164,0.09176734669626369
2.747596290410635,1.9369684842421209,-0.04354569530973171,0.09225963686905413
2.7504347163304805,1.938969484742371,-0.042232927455951974,0.09273734359606724
2.7532731422503263,1.9409704852426213,-0.04091348385936109,0.09320039136638213
2.756111568170172,1.9429714857428713,-0.03958757308390768,0.09364870698621341
2.7589499940900177,1.9449724862431215,-0.038255404715804874,0.0940822195904812
2.7617884200098635,1.9469734867433717,-0.03691718933040054,0.09450086065401284
2.764626845929709,1.9489744872436219,-0.035573138458892845,0.09490456400237424
2.767465271849555,1.9509754877438719,-0.03422346455489283,0.0952932658223304
2.7703036977694007,1.952976488244122,-0.03286838096084234,0.09566690467193216
2.7731421236892464,1.9549774887443723,-0.03150810187429031,0.09602542149022847
2.775980549609092,1.9569784892446225,-0.03014284231403577,0.0963687596066019
2.778818975528938,1.9589794897448725,-0.028772818086139327,0.09669686474972672
2.7816574014487836,1.9609804902451227,-0.02739824574981023,0.09700968505614758
2.784495827368629,1.9629814907453724,-0.026019342583176272,0.0973071710784773
2.7873342532884746,1.9649824912456226,-0.024636326548937364,0.09758927579321333
2.7901726792083203,1.9669834917458728,-0.023249416259912843,0.09785595460817051
2.793011105128166,1.968984492246123,-0.021858830944485798,0.09810716536952976
2.795849531048012,1.9709854927463732,-0.02046479041194936,0.09834286836850137
2.7986879569678575,1.9729864932466232,-0.019067515017760925,0.0985630263476018
2.8015263828877033,1.9749874937468734,-0.017667225628711827,0.09876760450654289
2.804364808807549,1.9769884942471236,-0.016264143588014236,0.09895657050773268
2.8072032347273947,1.9789894947473738,-0.014858490680313903,0.09912989448138708
2.8100416606472405,1.9809904952476238,-0.013450489096631943,0.0992875490302514
2.812880086567086,1.982991495747874,-0.012040361399244404,0.09942950923393096
2.815718512486932,1.9849924962481242,-0.010628330486501313,0.09955575265283019
2.8185569384067772,1.986993496748374,-0.009214619557592832,0.09966625933169987
2.821395364326623,1.9889944972486242,-0.007799452077268633,0.09976101180279116
2.8242337902464687,1.9909954977488744,-0.006383051740515519,0.09983999508861696
2.8270722161663144,1.9929964982491244,-0.004965642437196647,0.09990319670431924
2.82991064208616,1.9949974987493746,-0.0035474482166627276,0.09995060665964262
2.832749068006006,1.9969984992496248,-0.0021286932523358437,0.09998221746051345
2.8355874939258516,1.998999499749875,-0.0007096018062748339,0.0999980241102244
2.8384259198456974,2.001000500250125,0.0007096018062745229,0.0999980241102244
2.841264345765543,2.003001500750375,0.002128693252335733,0.09998221746051345
2.844102771685389,2.005002501250625,0.0035474482166624167,0.09995060665964263
2.8469411976052346,2.0070035017508756,0.004965642437196336,0.09990319670431926
2.8497796235250803,2.0090045022511256,0.00638305174051521,0.09983999508861698
2.852618049444926,2.011005502751376,0.007799452077268322,0.09976101180279118
2.8554564753647713,2.0130065032516256,0.009214619557592322,0.0996662593316999
2.858294901284617,2.015007503751876,0.010628330486501006,0.09955575265283023
2.861133327204463,2.017008504252126,0.012040361399244096,0.09942950923393098
2.8639717531243085,2.019009504752376,0.013450489096631634,0.09928754903025144
2.8668101790441542,2.0210105052526264,0.014858490680313592,0.0991298944813871
2.869648604964,2.0230115057528764,0.01626414358801413,0.0989565705077327
2.8724870308838457,2.0250125062531263,0.017667225628711522,0.09876760450654293
2.8753254568036914,2.0270135067533768,0.01906751501776062,0.09856302634760186
2.878163882723537,2.0290145072536268,0.020464790411949055,0.09834286836850141
2.881002308643383,2.031015507753877,0.021858830944485493,0.0981071653695298
2.8838407345632286,2.033016508254127,0.023249416259912538,0.09785595460817056
2.8866791604830744,2.035017508754377,0.024636326548937063,0.09758927579321339
2.8895175864029197,2.037018509254627,0.026019342583175776,0.09730717107847742
2.8923560123227654,2.039019509754877,0.027398245749809924,0.09700968505614765
2.895194438242611,2.0410205102551275,0.028772818086139018,0.09669686474972679
2.898032864162457,2.0430215107553775,0.030142842314035467,0.09636875960660198
2.9008712900823026,2.045022511255628,0.03150810187429001,0.09602542149022854
2.9037097160021483,2.047023511755878,0.03286838096084204,0.09566690467193223
2.906548141921994,2.049024512256128,0.034223464554892724,0.09529326582233044
2.90938656784184,2.0510255127563783,0.035573138458892546,0.09490456400237433
2.9122249937616855,2.0530265132566283,0.036917189330400245,0.09450086065401292
2.9150634196815313,2.0550275137568783,0.03825540471580458,0.0940822195904813
2.917901845601377,2.0570285142571287,0.03958757308390739,0.09364870698621351
2.9207402715212227,2.0590295147573787,0.040913483859360805,0.09320039136638222
2.9235786974410685,2.061030515257629,0.04223292745595168,0.09273734359606735
2.9264171233609138,2.0630315157578787,0.043545695309731236,0.0922596368690543
2.9292555492807595,2.065032516258129,0.04485157991198387,0.0917673466962638
2.932093975200605,2.067033516758379,0.04615037484202588,0.0912605508938167
2.934932401120451,2.069034517258629,0.04744187479983552,0.09073932957073322
2.9377708270402967,2.0710355177588795,0.048725875638505084,0.09020376511626987
2.9406092529601424,2.0730365182591295,0.050002174396509246,0.08965394218689672
2.943447678879988,2.0750375187593795,0.05127056932978781,0.08908994769291553
2.946286104799834,2.07703851925963,0.05253085994363501,0.08851187078472195
2.9491245307196796,2.07903951975988,0.053782847024392275,0.08791980283871322
2.9519629566395253,2.0810405202601303,0.05502633267093683,0.0873138374428449
2.954801382559371,2.0830415207603803,0.056261120325964406,0.08669407038183718
2.957639808479217,2.0850425212606303,0.05748701480705944,0.08606059962203398
2.960478234399062,2.0870435217608803,0.05870382233754634,0.08541352529591796
2.963316660318908,2.0890445222611302,0.05991135057712083,0.08475294968628215
2.9661550862387536,2.0910455227613807,0.06110940865225265,0.0840789772100623
2.9689935121585993,2.0930465232616307,0.062297807186356476,0.083391714401832
2.971831938078445,2.095047523761881,0.06347635832972716,0.0826912698969624
2.9746703639982908,2.097048524262131,0.06464487578923268,0.08197775441445065
2.9775087899181365,2.099049524762381,0.06580317485776212,0.081251280739418
2.9803472158379822,2.1010505252626315,0.06695107244342127,0.08051196370528255
2.983185641757828,2.1030515257628815,0.06808838709847435,0.07975992017560737
2.9860240676776737,2.1050525262631314,0.06921493904802589,0.07899526902562751
2.9888624935975194,2.107053526763382,0.07033055021843669,0.07821813112346004
2.991700919517365,2.109054527263632,0.07143504426547242,0.07742862931099832
2.994539345437211,2.1110555277638823,0.07252824660217863,0.07662688838449389
2.997377771357056,2.113056528264132,0.07360998442647666,0.07581303507483088
3.000216197276902,2.1150575287643822,0.0746800867484794,0.07498719802749287
3.0030546231967477,2.1170585292646322,0.07573838441751916,0.07414950778222838
3.0058930491165934,2.119059529764882,0.07678471014888502,0.07330009675241654
3.008731475036439,2.1210605302651326,0.0778188985502658,0.07243909920413641
3.011569900956285,2.1230615307653826,0.07884078614789333,0.07156665123494373
3.0144083268761306,2.1250625312656326,0.07985021141238328,0.07068289075235755
3.0172467527959763,2.127063531765883,0.0808470147842671,0.069787957452062
3.020085178715822,2.129064532266133,0.08183103869921408,0.06888199279582424
3.022923604635668,2.1310655327663834,0.08280212761293781,0.06796513998913335
3.0257620305555135,2.1330665332666334,0.08376012802578219,0.06703754395856454
3.0286004564753592,2.1350675337668834,0.08470488850698546,0.06609935132887038
3.0314388823952045,2.1370685342671334,0.08563625971861717,0.06515071039980357
3.0342773083150503,2.1390695347673834,0.08655409443918358,0.06419177112267549
3.037115734234896,2.141070535267634,0.08745824758689855,0.06322268507665398
3.0399541601547417,2.143071535767884,0.08834857624261752,0.06224360544480215
3.0427925860745875,2.145072536268134,0.08922493967242771,0.06125468698986586
3.045631011994433,2.147073536768384,0.09008719934989447,0.06025608602980992
3.048469437914279,2.149074537268634,0.09093521897795775,0.05924796041310914
3.0513078638341247,2.1510755377688846,0.09176886451047714,0.05823046949379676
3.0541462897539704,2.1530765382691346,0.09258800417341961,0.0572037741062763
3.056984715673816,2.1550775387693846,0.09339250848568952,0.05616803653989806
3.059823141593662,2.157078539269635,0.09418225027959581,0.0551234205133057
3.0626615675135076,2.159079539769885,0.09495710472095284,0.05407009114855813
3.0654999934333533,2.1610805402701354,0.09571694932881307,0.05300821494502836
3.0683384193531986,2.163081540770385,0.09646166399482789,0.0519379597530846
3.0711768452730444,2.1650825412706354,0.09719113100223285,0.050859494747558645
3.07401527119289,2.1670835417708854,0.09790523504445482,0.049772990401004795
3.076853697112736,2.1690845422711353,0.0986038632433391,0.04867861845675238
3.0796921230325816,2.1710855427713858,0.0992869051669914,0.04757655190175934
3.0825305489524273,2.1730865432716358,0.09995425284723414,0.04646696493926766
3.085368974872273,2.1750875437718857,0.10060580079667275,0.045350032961267474
3.0882074007921188,2.177088544272136,0.10124144602537036,0.044225932520772206
3.0910458267119645,2.179089544772386,0.1018610880571269,0.04309484130391194
3.09388425263181,2.1810905452726366,0.10246462894536154,0.04195693810184611
3.096722678551656,2.1830915457728866,0.10305197328859533,0.040812402782501575
3.0995611044715017,2.1850925462731365,0.10362302824553084,0.039661416262141966
3.102399530391347,2.1870935467733865,0.10417770354972765,0.038504160476769946
3.1052379563111927,2.1890945472736365,0.10471591152387129,0.03734081835336756
3.1080763822310384,2.191095547773887,0.10523756709363143,0.036171573780982964
3.110914808150884,2.193096548274137,0.10574258780111019,0.03499661158166186
3.11375323407073,2.1950975487743873,0.10623089381787598,0.03381611748123323
3.1165916599905756,2.1970985492746373,0.10670240795758225,0.032630278079951065
3.1194300859104214,2.1990995497748873,0.10715705568816782,0.03143928082299955
3.122268511830267,2.2011005502751377,0.10759476514363848,0.03024331397086314
3.125106937750113,2.2031015507753877,0.10801546713542687,0.02904256656956782
3.1279453636699586,2.2051025512756377,0.10841909516332879,0.02783722842079966
3.1307837895898043,2.207103551775888,0.10880558542601503,0.026627490051902455
3.13362221550965,2.209104552276138,0.1091748768311166,0.025413542685760605
3.1364606414294958,2.2111055527763885,0.10952691100488121,0.02419557821057362
3.139299067349341,2.213106553276638,0.10986163230140059,0.022973789149524092
3.142137493269187,2.2151075537768885,0.11017898781140663,0.021748368630344406
3.1449759191890325,2.2171085542771385,0.11047892737063422,0.020519510354791198
3.1478143451088783,2.2191095547773885,0.11076140356775113,0.01928740856802559
3.150652771028724,2.221110555277639,0.11102637175185204,0.018052258027909485
3.1534911969485697,2.223111555777889,0.11127379003951678,0.01681425397421953
3.1563296228684155,2.225112556278139,0.11150361932143048,0.015573592097786707
3.159168048788261,2.2271135567783893,0.11171582326856577,0.014330468509563038
3.162006474708107,2.2291145572786393,0.11191036833792535,0.013085079709621859
3.1648449006279527,2.2311155577788897,0.11208722377784391,0.011837622556098193
3.1676833265477984,2.2331165582791397,0.11224636163284919,0.010588294234070926
3.170521752467644,2.2351175587793897,0.11238775674808091,0.009337292224393312
3.1733601783874894,2.2371185592796397,0.11251138677326682,0.008084814272478485
3.176198604307335,2.2391195597798896,0.1126172321662558,0.006831058357040673
3.179037030227181,2.24112056028014,0.11270527619610678,0.005576222658801319
3.1818754561470266,2.24312156078039,0.11277550494573334,0.004320505529163071
3.1847138820668723,2.2451225612806405,0.11282790731410372,0.00306410545885593
3.187552307986718,2.2471235617808905,0.11286247501799544,0.0018072210465622464
3.190390733906564,2.2491245622811404,0.11287920259330464,0.0005500509675235924
3.1932291598264095,2.251125562781391,0.11287808739590986,-0.0007072060578626936
3.1960675857462553,2.253126563281641,0.11285912960208995,-0.0019643512954556973
3.198906011666101,2.255127563781891,0.11282233220849616,-0.003221186028785291
3.2017444375859467,2.2571285642821413,0.1127677010316785,-0.004477511590462105
3.2045828635057925,2.2591295647823912,0.11269524470716642,-0.005733129393581341
3.207421289425638,2.2611305652826417,0.11260497468810357,-0.006987840963113858
3.2102597153454835,2.263131565782891,0.11249690524343763,-0.008241447967277804
3.213098141265329,2.2651325662831416,0.11237105345566467,-0.00949375224889009
3.215936567185175,2.2671335667833916,0.11222743921812901,-0.010744555856688482
3.2187749931050207,2.2691345672836416,0.11206608523187869,-0.011993661076621337
3.2216134190248664,2.271135567783892,0.11188701700207701,-0.013240870463100707
3.224451844944712,2.273136568284142,0.11169026283397115,-0.014485986870212153
3.227290270864558,2.275137568784392,0.11147585382841774,-0.01572881348287821
3.2301286967844036,2.2771385692846424,0.11124382387696685,-0.01696915384796782
3.2329671227042494,2.2791395697848924,0.11099420965650493,-0.018206811905350156
3.235805548624095,2.281140570285143,0.11072705062345693,-0.01944159201888625
3.238643974543941,2.283141570785393,0.11044238900754987,-0.02067329900735212
3.2414824004637866,2.285142571285643,0.11014026980513732,-0.021901738175291494
3.244320826383632,2.287143571785893,0.10982074077208691,-0.023126715343791588
3.2471592523034776,2.2891445722861428,0.10948385241623151,-0.02434803688117657
3.2499976782233233,2.291145572786393,0.1091296579893858,-0.0255655097336143
3.252836104143169,2.293146573286643,0.10875821347892822,-0.02677894145563351
3.2556745300630148,2.2951475737868936,0.10836957759895162,-0.027988140240542348
3.2585129559828605,2.2971485742871436,0.10796381178098198,-0.029192914950747908
3.2613513819027062,2.2991495747873936,0.10754098016426822,-0.03039307514796892
3.264189807822552,2.301150575287644,0.10710114958564333,-0.03158843112333894
3.2670282337423977,2.303151575787894,0.10664438956895998,-0.03277879392739255
3.2698666596622434,2.305152576288144,0.1061707723141007,-0.033963975399933004
3.272705085582089,2.3071535767883944,0.10568037268556502,-0.03514378819977519
3.275543511501935,2.3091545772886444,0.10517326820063613,-0.03631804583435753
3.2783819374217806,2.311155577788895,0.10464953901712747,-0.03748656268922148
3.281220363341626,2.3131565782891443,0.1041092679207124,-0.038649154057351046
3.2840587892614717,2.3151575787893948,0.10355254031183778,-0.039805636168370656
3.2868972151813174,2.3171585792896447,0.10297944419222552,-0.0409558262175917
3.289735641101163,2.3191595797898947,0.10239007015096177,-0.04209954239490957
3.292574067021009,2.321160580290145,0.10178451135017737,-0.043236603913542594
3.2954124929408546,2.323161580790395,0.10116286351032214,-0.044366831038608
3.2982509188607003,2.325162581290645,0.10052522489503424,-0.045490045115533013
3.301089344780546,2.3271635817908956,0.09987169629560735,-0.0466060685982952
3.303927770700392,2.3291645822911455,0.0992023810150592,-0.047714725077486135
3.3067661966202375,2.331165582791396,0.0985173848518022,-0.048815839308196836
3.3096046225400833,2.333166583291646,0.09781681608291963,-0.04990923723771918
3.312443048459929,2.335167583791896,0.09710078544705099,-0.05099474603305734
3.3152814743797743,2.337168584292146,0.09636940612688724,-0.05207219410824781
3.31811990029962,2.339169584792396,0.09562279373127949,-0.05314141115148296
3.3209583262194657,2.3411705852926463,0.0948610662769659,-0.054202228152030345
3.3237967521393115,2.3431715857928963,0.094084344169916,-0.05525447742694938
3.326635178059157,2.3451725862931467,0.09329275018629854,-0.056297992647596475
3.329473603979003,2.3471735867933967,0.09248640945307375,-0.05733260886591714
3.3323120298988487,2.3491745872936467,0.09166544942821539,-0.05835816254051832
3.3351504558186944,2.351175587793897,0.09082999988056303,-0.059374491562519865
3.33798888173854,2.353176588294147,0.0899801928693093,-0.06038143528117934
3.340827307658386,2.355177588794397,0.08911616272312602,-0.06137883452928525
3.3436657335782316,2.3571785892946475,0.08823804601893048,-0.06236653164831692
3.3465041594980773,2.3591795897948975,0.08734598156029656,-0.06334437051336597
3.349342585417923,2.361180590295148,0.0864401103555147,-0.06431219655781405
3.3521810113377684,2.3631815907953975,0.08552057559530264,-0.06526985679776545
3.355019437257614,2.365182591295648,0.08458752263017034,-0.06621719985623012
3.35785786317746,2.367183591795898,0.08364109894744606,-0.06715407598705013
3.3606962890973056,2.369184592296148,0.08268145414796206,-0.06808033709857117
3.3635347150171513,2.3711855927963983,0.08170873992240764,-0.06899583677705079
3.366373140936997,2.3731865932966483,0.0807231100273509,-0.06990043030980263
3.3692115668568428,2.3751875937968983,0.07972472026093534,-0.07079397470807022
3.3720499927766885,2.3771885942971487,0.0787137284382525,-0.0716763287296296
3.374888418696534,2.3791895947973987,0.0776902943663957,-0.07254735290111579
3.37772684461638,2.381190595297649,0.07665457981920033,-0.0734069095400685
3.3805652705362257,2.383191595797899,0.07560674851167185,-0.074254862776696
3.3834036964560714,2.385192596298149,0.07454696607410696,-0.07509107857535234
3.3862421223759167,2.387193596798399,0.07347540002591359,-0.07591542475572338
3.3890805482957624,2.389194597298649,0.07239221974913002,-0.07672777101372144
3.391918974215608,2.3911955977988995,0.07129759646165129,-0.07752798894208202
3.394757400135454,2.3931965982991494,0.07019170319016507,-0.07831595205066084
3.3975958260552996,2.3951975987993994,0.06907471474280096,-0.07909153578642844
3.4004342519751454,2.39719859929965,0.067946807681499,-0.07985461755315802
3.403272677894991,2.3991995997999,0.06680816029409986,-0.0806050767308046
3.406111103814837,2.4012006003001503,0.06565895256616401,-0.08134279469457073
3.4089495297346826,2.4032016008004002,0.0644993661525209,-0.08206765483365784
3.4117879556545283,2.4052026013006502,0.06332958434855443,-0.0827795425696991
3.414626381574374,2.4072036018009006,0.062149792061230454,-0.08347834537487023
3.4174648074942198,2.4092046023011506,0.06096017577986798,-0.08416395278967705
3.4203032334140655,2.411205602801401,0.059760923546661154,-0.0848362564404157
3.423141659333911,2.4132066033016506,0.05855222492695511,-0.08549515005630341
3.4259800852537565,2.415207603801901,0.057334270979281614,-0.08614052948627653
3.4288185111736023,2.417208604302151,0.0561072542251592,-0.08677229271545338
3.431656937093448,2.419209604802401,0.05487136861866005,-0.0873903398812603
3.4344953630132937,2.4212106053026514,0.05362680951575301,-0.08799457328921634
3.4373337889331395,2.4232116058029014,0.0523737736434232,-0.088584897428376
3.440172214852985,2.4252126063031514,0.05111245906857494,-0.08916121898642683
3.443010640772831,2.427213606803402,0.04984306516672446,-0.08972344686443888
3.4458490666926767,2.429214607303652,0.048565792590484116,-0.09027149219126479
3.4486874926125224,2.4312156078039022,0.04728084323784483,-0.09080526833758797
3.451525918532368,2.433216608304152,0.04598842022026315,-0.09132469092961551
3.454364344452214,2.435217608804402,0.04468872783055487,-0.09182967786241547
3.457202770372059,2.437218609304652,0.04338197151060302,-0.09232014931289494
3.460041196291905,2.439219609804902,0.0420683578188823,-0.09279602775241819
3.4628796222117506,2.4412206103051526,0.04074809439781067,-0.09325723795906082
3.4657180481315963,2.4432216108054026,0.0394213899409261,-0.09370370702950047
3.468556474051442,2.4452226113056525,0.038088454159898096,-0.09413536439054077
3.471394899971288,2.447223611805903,0.03674949775137974,-0.0945521418102665
3.4742333258911335,2.449224612306153,0.03540473236370246,-0.09495397340882904
3.4770717518109793,2.4512256128064034,0.03405437056342021,-0.09534079566886026
3.479910177730825,2.4532266133066534,0.032698625801710325,-0.09571254744551233
3.4827486036506707,2.4552276138069034,0.031337712380632855,-0.09606916997612296
3.4855870295705165,2.457228614307154,0.029971845419255256,-0.09641060688950422
3.488425455490362,2.4592296148074038,0.028601240819649813,-0.09673680421485277
3.491263881410208,2.4612306153076537,0.027226115232765292,-0.09704771039028123
3.4941023073300532,2.4632316158079037,0.02584668602418159,-0.09734327627096839
3.496940733249899,2.465232616308154,0.02446317123974929,-0.09762345513692784
3.4997791591697447,2.467233616808404,0.023075789571125556,-0.09788820270039254
3.5026175850895904,2.469234617308654,0.021684760321204286,-0.09813747711281556
3.505456011009436,2.4712356178089045,0.020290303369450573,-0.09837123897148525
3.508294436929282,2.4732366183091545,0.018892639137145627,-0.09858945132575334
3.5111328628491276,2.4752376188094045,0.017491988552544288,-0.09879207968287573
3.5139712887689734,2.477238619309655,0.016088573015952363,-0.09897909201346504
3.516809714688819,2.479239619809905,0.014682614364731167,-0.09915045875655312
3.519648140608665,2.4812406203101554,0.01327433483823119,-0.09930615282426392
3.5224865665285106,2.4832416208104053,0.011863957042662191,-0.0994461496060953
3.5253249924483563,2.4852426213106553,0.010451703915907119,-0.09957042697280909
3.5281634183682016,2.4872436218109053,0.00903779869228202,-0.09967896527992906
3.5310018442880473,2.4892446223111553,0.0076224648672480605,-0.09977174737084629
3.533840270207893,2.4912456228114057,0.00620592616208609,-0.09984875857953085
3.5366786961277388,2.4932466233116557,0.004788406488531503,-0.0999099867328502
3.5395171220475845,2.4952476238119057,0.0033701299133811957,-0.09995542215249341
3.5423555479674302,2.497248624312156,0.0019513206230746104,-0.09998505765650094
3.545193973887276,2.499249624812406,0.0005322028882578748,-0.09999888856039992
3.5480323998071217,2.5012506253126565,-0.0008869989716671784,-0.09999691267794462
3.5508708257269674,2.5032516258129065,-0.002306060624001693,-0.09997913032146204
3.553709251646813,2.5052526263131565,-0.0037247577582087735,-0.09994554430180248
3.556547677566659,2.507253626813407,-0.005142866121370964,-0.09989615992789537
3.5593861034865046,2.509254627313657,-0.006560161553637428,-0.09983098500590992
3.5622245294063504,2.511255627813907,-0.007976420023657602,-0.09975002983802131
3.5650629553261957,2.513256628314157,-0.009391417663992358,-0.09965330722078221
3.5679013812460414,2.5152576288144073,-0.010804930806502031,-0.0995408324431
3.570739807165887,2.5172586293146573,-0.012216736017700968,-0.09941262328382007
3.573578233085733,2.5192596298149073,-0.013626610134075167,-0.09926870000891558
3.5764166590055786,2.5212606303151577,-0.015034330297358057,-0.09910908536828399
3.5792550849254243,2.5232616308154077,-0.016439673989758204,-0.0989338045921509
3.58209351084527,2.5252626313156576,-0.017842419069131442,-0.09874288538708205
3.584931936765116,2.527263631815908,-0.01924234380409536,-0.09853635793160379
3.5877703626849615,2.529264632316158,-0.020639226909078927,-0.09831425487143251
3.5906087886048073,2.5312656328164085,-0.02203284757929981,-0.09807661131431467
3.593447214524653,2.5332666333166585,-0.023422985525667694,-0.09782346482447712
3.5962856404444987,2.5352676338169085,-0.024809421009604912,-0.09755485541668946
3.599124066364344,2.5372686343171584,-0.026191934877781025,-0.09727082554993877
3.6019624922841897,2.5392696348174084,-0.027570308596753888,-0.09697142012071823
3.6048009182040355,2.541270635317659,-0.028944324287512598,-0.09665668645593045
3.607639344123881,2.543271635817909,-0.030313764759918902,-0.09632667430540628
3.610477770043727,2.545272636318159,-0.031678413547036974,-0.09598143583404112
3.6133161959635727,2.5472736368184092,-0.03303805493935107,-0.09562102561354907
3.6161546218834184,2.549274637318659,-0.03439247401886225,-0.09524550061383691
3.618993047803264,2.5512756378189096,-0.03574145669306096,-0.09485492019399877
3.62183147372311,2.5532766383191596,-0.03708478972876836,-0.09444934609293322
3.6246698996429556,2.5552776388194096,-0.038422260785840656,-0.09402884241958469
3.6275083255628013,2.55727863931966,-0.039753658450735974,-0.09359347564280907
3.630346751482647,2.55927963981991,-0.041078772269931195,-0.09314331458086737
3.633185177402493,2.56128064032016,-0.042397392783187195,-0.09267843039054803
3.636023603322338,2.56328164082041,-0.043709311556660385,-0.09219889655591842
3.638862029242184,2.5652826413206604,-0.045014321215848266,-0.09170478887670974
3.6417004551620296,2.5672836418209104,-0.04631221547836975,-0.09119618545633512
3.6445388810818753,2.5692846423211604,-0.04760278918657073,-0.09067316668954443
3.647377307001721,2.571285642821411,-0.04888583833995543,-0.09013581524971548
3.6502157329215668,2.573286643321661,-0.05016116012743159,-0.08958421607578619
3.6530541588414125,2.5752876438219108,-0.05142855295936767,-0.08901845635882892
3.6558925847612582,2.577288644322161,-0.0526878164994602,-0.0884386255282672
3.658731010681104,2.579289644822411,-0.05393875169639977,-0.08784481523774017
3.6615694366009497,2.5812906453226616,-0.055181160815333974,-0.08723711935061533
3.6644078625207954,2.5832916458229116,-0.05641484746912535,-0.08661563392515072
3.667246288440641,2.5852926463231616,-0.057639616649393204,-0.08598045719931145
3.6700847143604864,2.5872936468234116,-0.058855274757337456,-0.08533168957524181
3.672923140280332,2.5892946473236615,-0.0600616296343428,-0.08466943360339368
3.675761566200178,2.591295647823912,-0.06125849059235176,-0.08399379396631712
3.6785999921200236,2.593296648324162,-0.06244566844400739,-0.0833048774621129
3.6814384180398694,2.595297648824412,-0.06362297553255668,-0.08260279298755173
3.684276843959715,2.5972986493246624,-0.06479022576151537,-0.08188765152085975
3.687115269879561,2.5992996498249124,-0.06594723462408322,-0.08115956610417695
3.6899536957994066,2.6013006503251628,-0.06709381923230788,-0.08041865182568914
3.6927921217192523,2.6033016508254128,-0.06822979834599588,-0.07966502580143489
3.695630547639098,2.6053026513256627,-0.06935499240136028,-0.07889880715679354
3.6984689735589438,2.607303651825913,-0.07046922353940327,-0.07812011700765582
3.7013073994787895,2.609304652326163,-0.0715723156340321,-0.07732907844127779
3.704145825398635,2.611305652826413,-0.07266409431989816,-0.07652581649682536
3.7069842513184805,2.613306653326663,-0.07374438701995932,-0.07571045814560891
3.7098226772383263,2.6153076538269135,-0.07481302297275794,-0.07488313227101398
3.712661103158172,2.6173086543271635,-0.07586983325941496,-0.07404396964812726
3.7154995290780177,2.6193096548274135,-0.0769146508303298,-0.07319310292306579
3.7183379549978635,2.621310655327664,-0.0779473105315851,-0.07233066659201025
3.721176380917709,2.623311655827914,-0.07896764913105414,-0.07145679697994388
3.724014806837555,2.625312656328164,-0.07997550534420216,-0.07057163221910426
3.7268532327574007,2.6273136568284143,-0.08097071985957953,-0.06967531222714964
3.7296916586772464,2.6293146573286643,-0.0819531353640059,-0.06876797868504064
3.732530084597092,2.6313156578289147,-0.0829225965674357,-0.06784977501464558
3.735368510516938,2.6333166583291647,-0.08387895022750397,-0.06692084635607058
3.7382069364367836,2.6353176588294147,-0.08482204517375096,-0.06598133954471583
3.741045362356629,2.6373186593296647,-0.08575173233151655,-0.06503140308806635
3.7438837882764746,2.6393196598299147,-0.08666786474550486,-0.06407118714221695
3.7467222141963203,2.641320660330165,-0.08757029760301248,-0.06310084348813826
3.749560640116166,2.643321660830415,-0.08845888825682045,-0.06212052550768302
3.752399066036012,2.645322661330665,-0.0893334962477417,-0.06113038815934202
3.7552374919558575,2.6473236618309155,-0.0901939833268226,-0.060130587953750585
3.7580759178757033,2.6493246623311655,-0.09104021347719747,-0.05912128292894741
3.760914343795549,2.651325662831416,-0.09187205293558792,-0.05810263262539433
3.7637527697153947,2.653326663331666,-0.09268937021344603,-0.05707479806075871
3.7665911956352405,2.655327663831916,-0.09349203611774023,-0.05603794170445972
3.769429621555086,2.6573286643321663,-0.09427992377137592,-0.05499222745198772
3.772268047474932,2.6593296648324163,-0.09505290863325033,-0.05393782059899821
3.7751064733947772,2.6613306653326663,-0.09581086851794002,-0.0528748878151819
3.777944899314623,2.6633316658329163,-0.09655368361501372,-0.05180359711792041
3.7807833252344687,2.6653326663331667,-0.09728123650797126,-0.05072411784572731
3.7836217511543144,2.6673336668334167,-0.09799341219280257,-0.04963662063148194
3.78646017707416,2.6693346673336666,-0.09869009809616774,-0.04854127737545587
3.789298602994006,2.671335667833917,-0.09937118409319069,-0.047438261218141445
3.7921370289138516,2.673336668334167,-0.10003656252486602,-0.046327746512884564
3.7949754548336974,2.675337668834417,-0.10068612821507779,-0.04520990879832282
3.797813880753543,2.6773386693346675,-0.10131977848722414,-0.04408492477063908
3.800652306673389,2.6793396698349174,-0.10193741318044673,-0.042952972255632195
3.8034907325932346,2.681340670335168,-0.10253893466546422,-0.04181423018060619
3.8063291585130803,2.683341670835418,-0.103124247860004,-0.04066887854608827
3.809167584432926,2.685342671335668,-0.10369326024383127,-0.03951709839737716
3.8120060103527713,2.687343671835918,-0.10424588187337466,-0.03835907179592341
3.814844436272617,2.689344672336168,-0.10478202539594302,-0.03719498179055233
3.817682862192463,2.6913456728364182,-0.10530160606353335,-0.03602501238852883
3.8205212881123085,2.693346673336668,-0.10580454174622649,-0.03484934852647282
3.8233597140321542,2.695347673836918,-0.10629075294517015,-0.03366817604112435
3.826198139952,2.6973486743371686,-0.10676016280514482,-0.032481681639969465
3.8290365658718457,2.6993496748374186,-0.10721269712671186,-0.03129005287172842
3.8318749917916914,2.701350675337669,-0.10764828437794295,-0.030093478096707916
3.834713417711537,2.703351675837919,-0.10806685570572679,-0.02889214645702808
3.837551843631383,2.705352676338169,-0.10846834494665224,-0.02768624784672584
3.8403902695512286,2.7073536768384194,-0.10885268863746753,-0.02647597288173641
3.8432286954710744,2.7093546773386694,-0.10921982602511143,-0.025261512869763737
3.8460671213909197,2.7113556778389194,-0.10956969907631625,-0.024043059780041575
3.8489055473107654,2.7133566783391694,-0.10990225248678172,-0.02282080621298694
3.851743973230611,2.71535767883942,-0.11021743368991647,-0.0215949453697572
3.854582399150457,2.71735867933967,-0.11051519286514745,-0.02036567102171015
3.8574208250703026,2.7193596798399198,-0.1107954829457947,-0.019133177479776033
3.8602592509901483,2.72136068034017,-0.11105825962651165,-0.01789765956374081
3.863097676909994,2.72336168084042,-0.11130348137028821,-0.01665931257145211
3.86593610282984,2.72536268134067,-0.1115311094150163,-0.015418332247949612
3.8687745287496855,2.7273636818409206,-0.11174110777961735,-0.014174914754521617
3.8716129546695313,2.7293646823411706,-0.11193344326972963,-0.012929256637698944
3.874451380589377,2.731365682841421,-0.11210808548295516,-0.011681554798187966
3.8772898065092227,2.733366683341671,-0.11226500681366562,-0.010432006459744458
3.8801282324290685,2.735367683841921,-0.11240418245736586,-0.009180809137999586
3.8829666583489137,2.737368684342171,-0.11252559041461467,-0.00792816060923974
3.8858050842687595,2.739369684842421,-0.11262921149450233,-0.006674258879141994
3.888643510188605,2.7413706853426714,-0.11271502931768411,-0.0054193021514768284
3.891481936108451,2.7433716858429213,-0.1127830303189693,-0.004163488796777439
3.8943203620282967,2.7453726863431713,-0.11283320374946537,-0.0029070173209847956
3.8971587879481424,2.7473736868434218,-0.11286554167827725,-0.0016500863340677538
3.899997213867988,2.7493746873436717,-0.11288003899376081,-0.00039289451862991784
3.902835639787834,2.751375687843922,-0.1128766934043309,0.0008643594014949765
3.9056740657076796,2.753376688344172,-0.11285550543882356,0.002121476692657395
3.9085124916275253,2.755377688844422,-0.11281647844641243,0.0033782586428046917
3.911350917547371,2.7573786893446726,-0.11275961859607943,0.004634506592890382
3.914189343467217,2.7593796898449225,-0.11268493487563949,0.005890021968278234
3.917027769387062,2.7613806903451725,-0.11259243909031998,0.007144606310129465
3.919866195306908,2.7633816908454225,-0.11248214586089449,0.008398061306773763
3.9227046212267536,2.7653826913456725,-0.11235407262137204,0.009650188825054924
3.9255430471465993,2.767383691845923,-0.11220823961624093,0.010900790941651807
3.928381473066445,2.769384692346173,-0.11204466989726887,0.012149669974362932
3.9312198989862908,2.7713856928464233,-0.11186338931985935,0.013396628513352979
3.9340583249061365,2.7733866933466733,-0.11166442653896437,0.014641469452359399
3.9368967508259822,2.7753876938469233,-0.11144781300455513,0.015883996019847867
3.939735176745828,2.7773886943471737,-0.11121358295665089,0.017124011810114834
3.9425736026656737,2.7793896948474237,-0.11096177341990637,0.0183613208143354
3.9454120285855194,2.781390695347674,-0.11069242419775933,0.019595727451545315
3.948250454505365,2.783391695847924,-0.11040557786613928,0.02082703659955533
3.951088880425211,2.785392696348174,-0.11010127976673685,0.022055053625796173
3.953927306345056,2.787393696848424,-0.10977957799983713,0.023279584418082686
3.956765732264902,2.789394697348674,-0.10944052341671617,0.024500435415297714
3.9596041581847476,2.7913956978489245,-0.10908416961160343,0.025717413637986887
3.9624425841045934,2.7933966983491745,-0.1087105729132095,0.026930326718864857
3.965281010024439,2.7953976988494245,-0.10831979237582255,0.028138982933221708
3.968119435944285,2.797398699349675,-0.10791188976997403,0.029343191229227773
3.9709578618641306,2.799399699849925,-0.10748692957267388,0.030542761258135168
3.9737962877839763,2.8014007003501753,-0.10704497895721904,0.031737503404365125
3.976634713703822,2.8034017008504253,-0.10658610778257578,0.03292722881547946
3.9794731396236678,2.8054027013506753,-0.10611038858233636,0.0341117494320344
3.9823115655435135,2.8074037018509257,-0.10561789655325403,0.03529087801730607
3.9851499914633592,2.8094047023511757,-0.10510870954335717,0.03646442818688595
3.9879884173832045,2.8114057028514257,-0.10458290803964299,0.037632214438144546
3.9908268433030503,2.8134067033516756,-0.10404057515535557,0.038794052179552424
3.993665269222896,2.8154077038519256,-0.10348179661684792,0.03994975775985918
3.9965036951427417,2.817408704352176,-0.10290666075003181,0.041099148497121776
3.9993421210625875,2.819409704852426,-0.10231525846641522,0.04224204270758305
4.002180546982434,2.8214107053526765,-0.10170768324873243,0.0433782597343893
4.005018972902279,2.823411705852927,-0.10108403113616768,0.04450761997614611
4.007857398822124,2.8254127063531764,-0.10044440070917396,0.045629944915308134
4.01069582474197,2.8274137068534264,-0.09978889307388956,0.04674505714639925
4.013534250661816,2.8294147073536764,-0.09911761184615754,0.047852780404052386
4.016372676581661,2.831415707853927,-0.0984306631351471,0.04895293959087208
4.019211102501507,2.833416708354177,-0.09772815552658005,0.05004536080511362
4.022049528421353,2.8354177088544272,-0.09701020006556717,0.051129871368170654
4.024887954341199,2.837418709354677,-0.09627691023905606,0.05220629985186958
4.027726380261044,2.839419709854927,-0.09552840195789106,0.05327447610556888
4.03056480618089,2.8414207103551776,-0.09476479353849175,0.05433423128305395
4.033403232100736,2.8434217108554276,-0.0939862056841516,0.055385397869225556
4.0362416580205815,2.8454227113556776,-0.09319276146595695,0.05642780970658076
4.039080083940427,2.847423711855928,-0.09238458630333396,0.05746130202147644
4.041918509860273,2.849424712356178,-0.09156180794422422,0.05848571145017411
4.044756935780119,2.8514257128564284,-0.09072455644489043,0.059500876064664546
4.0475953616999645,2.8534267133566784,-0.08987296414935897,0.06050663539826278
4.05043378761981,2.8554277138569284,-0.08900716566850125,0.061502830470972186
4.053272213539656,2.857428714357179,-0.08812729785875424,0.06248930381461607
4.056110639459502,2.859429714857429,-0.08723349980048832,0.06346589949772774
4.058949065379347,2.861430715357679,-0.0863259127760238,0.06443246315019775
4.061787491299193,2.863431715857929,-0.08540468024729661,0.06538884198767701
4.064625917219039,2.865432716358179,-0.08446994783318336,0.06633488483572518
4.067464343138885,2.8674337168584296,-0.08352186328648166,0.0672704421537087
4.07030276905873,2.8694347173586796,-0.08256057647055563,0.06819536605843769
4.073141194978576,2.8714357178589296,-0.0815862393356479,0.06910951034754113
4.075979620898422,2.87343671835918,-0.08059900589485924,0.0700127305225785
4.078818046818267,2.8754377188594296,-0.0795990321998049,0.07090488381187965
4.081656472738112,2.8774387193596795,-0.07858647631594722,0.07178582919311276
4.084494898657958,2.8794397198599295,-0.07756149829761039,0.07265542741557586
4.087333324577804,2.88144072036018,-0.0765242601626804,0.07351354102220826
4.09017175049765,2.88344172086043,-0.07547492586699608,0.07436003437131743
4.093010176417495,2.8854427213606804,-0.07441366127843092,0.07519477365802127
4.095848602337341,2.8874437218609303,-0.07334063415067525,0.0760176269353978
4.098687028257187,2.8894447223611803,-0.07225601409672046,0.07682846413534139
4.1015254541770325,2.8914457228614308,-0.07115997256204641,0.07762715708912388
4.104363880096878,2.8934467233616807,-0.07005268279752212,0.07841357954765348
4.107202306016724,2.8954477238619307,-0.06893431983202097,0.07918760720143023
4.11004073193657,2.897448724362181,-0.06780506044475204,0.07994911770019697
4.1128791578564154,2.899449724862431,-0.0666650831373177,0.08069799067227845
4.115717583776261,2.9014507253626816,-0.06551456810549881,0.08143410774360782
4.118556009696107,2.9034517258629315,-0.0643536972107694,0.08215735255643927
4.121394435615953,2.9054527263631815,-0.06318265395155079,0.08286761078773999
4.124232861535798,2.907453726863432,-0.06200162343420708,0.08356477016726056
4.127071287455644,2.909454727363682,-0.06081079234378348,0.08424872049528273
4.12990971337549,2.911455727863932,-0.05961034891449809,0.08491935366003796
4.132748139295336,2.9134567283641823,-0.05840048289998875,0.0855765636547961
4.135586565215181,2.9154577288644323,-0.05718138554331638,0.08622024659462312
4.138424991135027,2.9174587293646828,-0.055953249546738096,0.08685030073280071
4.141263417054873,2.9194597298649327,-0.05471626904124431,0.08746662647691063
4.1441018429747185,2.9214607303651827,-0.0534706395558736,0.0880691264045766
4.146940268894564,2.923461730865433,-0.05221655798680658,0.08865770527886346
4.149778694814409,2.9254627313656827,-0.0509542225662408,0.089232270063332
4.152617120734255,2.9274637318659327,-0.049683832831055944,0.08979272993674528
4.1554555466541006,2.9294647323661827,-0.04840558959127626,0.09033899630742342
4.158293972573946,2.931465732866433,-0.04711969489832508,0.09087098282724876
4.161132398493792,2.933466733366683,-0.045826352013088004,0.09138860540531414
4.163970824413638,2.9354677338669335,-0.04452576537378468,0.0918917822212149
4.1668092503334835,2.9374687343671835,-0.04321814056365109,0.09238043373798288
4.169647676253329,2.9394697348674335,-0.04190368427844423,0.09285448271465846
4.172486102173175,2.941470735367684,-0.04058260429377085,0.0933138542184996
4.175324528093021,2.943471735867934,-0.03925510943224228,0.09375847563682717
4.178162954012866,2.945472736368184,-0.03792140953046696,0.0941882766885025
4.181001379932712,2.9474737368684343,-0.036581715405882835,0.09460318943503628
4.183839805852558,2.9494747373686843,-0.03523623882343125,0.09500314829132826
4.186678231772404,2.9514757378689347,-0.03388519246208445,0.09538809003603398
4.189516657692249,2.9534767383691847,-0.032528789881228676,0.09575795382155775
4.192355083612095,2.9554777388694347,-0.031167245486904582,0.09611268118367151
4.195193509531941,2.957478739369685,-0.029800774497917362,0.0964522160507559
4.1980319354517865,2.959479739869935,-0.02842959291181827,0.09677650475266317
4.200870361371632,2.961480740370185,-0.02705391747075935,0.09708549602920148
4.203708787291478,2.9634817408704355,-0.02567396562723612,0.0973791410382369
4.206547213211324,2.9654827413706855,-0.02428995550971226,0.09765739336341438
4.2093856391311695,2.967483741870936,-0.022902105888141268,0.09792020902149459
4.212224065051015,2.969484742371186,-0.02151063613938677,0.09816754646930607
4.215062490970861,2.971485742871436,-0.02011576621254335,0.09839936661031244
4.217900916890707,2.9734867433716863,-0.01871771659417044,0.09861563280079204
4.2207393428105515,2.975487743871936,-0.017316708273441696,0.09881631085563006
4.223577768730397,2.977488744372186,-0.015912962707209346,0.09900136905372275
4.226416194650243,2.979489744872436,-0.014506701785002173,0.09917077814299097
4.229254620570089,2.981490745372686,-0.013098147793951112,0.09932451134500417
4.2320930464899345,2.983491745872936,-0.011687523383650438,0.09946254435921353
4.23493147240978,2.9854927463731866,-0.010275051530964797,0.09958485536679294
4.237769898329626,2.9874937468734366,-0.008860955504784555,0.09969142503408777
4.240608324249472,2.9894947473736866,-0.00744545883073137,0.09978223651567121
4.243446750169317,2.991495747873937,-0.006028785255826773,0.09985727545700687
4.246285176089163,2.993496748374187,-0.004611158713125769,0.09991652999671773
4.249123602009009,2.995497748874437,-0.003192803286317417,0.0999599907684612
4.251962027928855,2.9974987493746874,-0.0017739431743052122,0.0999876509024096
4.2548004538487,2.9994997498749374,-0.000354802655769251,0.09999950602633606
4.257638879768546,3.001500750375188,0.0010643939462878214,0.09999555426630563
4.260477305688392,3.003501750875438,0.0024834222999982588,0.09997579624697152
4.2633157316082375,3.005502751375688,0.003902058100088063,0.09994023509147636
4.266154157528083,3.007503751875938,0.005320077103335243,0.09988887642095848
4.268992583447929,3.009504752376188,0.0067372551640146475,0.09982172835366343
4.271831009367775,3.011505752876438,0.008153368269327398,0.09973880150366074
4.2746694352876204,3.0135067533766886,0.009568192574813306,0.09964010897916607
4.277507861207466,3.0155077538769386,0.010981504439730682,0.09952566638046936
4.280346287127312,3.017508754377189,0.01239308046240995,0.09939549179746873
4.283184713047158,3.019509754877439,0.013802697515565444,0.09924960580681103
4.286023138967003,3.021510755377689,0.01521013278156388,0.09908803146863952
4.288861564886849,3.0235117558779394,0.016615163787647436,0.09891079432294847
4.291699990806694,3.025512756378189,0.018017568441098347,0.09871792238554619
4.29453841672654,3.027513756878439,0.019417125064345397,0.09850944614362664
4.297376842646385,3.029514757378689,0.020813612430004437,0.09828539855095021
4.300215268566231,3.0315157578789393,0.022206809795848097,0.09804581502263479
4.303053694486077,3.0335167583791893,0.023596496939696832,0.09779073342955785
4.305892120405923,3.0355177588794398,0.02498245419423175,0.09752019409236995
4.308730546325768,3.0375187593796897,0.02636446248171614,0.09723423977512131
4.311568972245614,3.0395197598799397,0.027742303348623834,0.09693291567850248
4.31440739816546,3.04152076038019,0.02911575900017244,0.09661626943269895
4.3172458240853055,3.04352176088044,0.030484612334748872,0.09628435108986248
4.320084250005151,3.04552276138069,0.03184864697822539,0.09593721311619972
4.322922675924997,3.0475237618809405,0.03320764731816409,0.09557491038367831
4.325761101844843,3.0495247623811905,0.03456139853789752,0.09519750016135352
4.3285995277646885,3.051525762881441,0.035909686650483476,0.09480504210631614
4.331437953684534,3.053526763381691,0.03725229853253224,0.09439759825426186
4.33427637960438,3.055527763881941,0.03858902195789364,0.09397523300968558
4.337114805524226,3.0575287643821913,0.03991964563120251,0.0935380131357014
4.339953231444071,3.0595297648824413,0.041243959221280685,0.09308600774348859
4.342791657363917,3.0615307653826913,0.04256175339438095,0.09261928828136817
4.345630083283763,3.0635317658829417,0.04387281984727899,0.09213792852350822
4.348468509203609,3.0655327663831917,0.04517695134019865,0.0916420045582628
4.351306935123454,3.067533766883442,0.04647394172956916,0.0911315947761451
4.3541453610433,3.069534767383692,0.0477635860006124,0.0906067798574355
4.356983786963146,3.071535767883942,0.049045680299748366,0.09006764275942881
4.359822212882991,3.0735367683841917,0.05032002196681681,0.08951426870332195
4.362660638802836,3.075537768884442,0.051586409567115236,0.08894674516074139
4.365499064722682,3.077538769384692,0.05284464292323641,0.08836516183991809
4.368337490642528,3.079539769884942,0.05409452314671065,0.08776961067150711
4.371175916562374,3.0815407703851925,0.05533585266944584,0.0871601857940554
4.374014342482219,3.0835417708854425,0.056568435274955906,0.08653698353912184
4.376852768402065,3.085542771385693,0.05779207612937559,0.08590010241605063
4.379691194321911,3.087543771885943,0.05900658181225988,0.08524964309639896
4.3825296202417565,3.089544772386193,0.060211760347156876,0.08458570839802437
4.385368046161602,3.0915457728864433,0.06140742123195238,0.08390840326883298
4.388206472081448,3.0935467733866933,0.06259337546898455,0.08321783477018925
4.391044898001294,3.0955477738869432,0.06376943559491766,0.08251411205999343
4.3938833239211394,3.0975487743871937,0.0649354157103734,0.08179734637542757
4.396721749840985,3.0995497748874437,0.06609113150931786,0.08106765101537117
4.399560175760831,3.101550775387694,0.06723640030819374,0.08032514132249252
4.402398601680677,3.103551775887944,0.06837104107479611,0.0795699346650174
4.405237027600522,3.105552776388194,0.06949487445689005,0.07880215041817522
4.408075453520368,3.1075537768884445,0.07060772281055978,0.0780219099453302
4.410913879440214,3.1095547773886945,0.07170941022828783,0.07722933657879817
4.41375230536006,3.1115557778889444,0.07279976256676295,0.07642455560034984
4.416590731279905,3.113556778389195,0.07387860747440425,0.07560769422140944
4.419429157199751,3.115557778889445,0.07494577441860704,0.0747788815629448
4.422267583119597,3.1175587793896953,0.07600109471269789,0.07393824863505798
4.4251060090394425,3.1195597798899453,0.07704440154259788,0.07308592831627728
4.427944434959288,3.1215607803901952,0.07807552999319277,0.0722220553325517
4.430782860879133,3.123561780890445,0.07909431707439979,0.07134676623595583
4.433621286798979,3.125562781390695,0.08010060174693177,0.07046019938310491
4.4364597127188246,3.127563781890945,0.08109422494775252,0.06956249491328481
4.43929813863867,3.129564782391195,0.08207502961522013,0.06865379472630007
4.442136564558516,3.1315657828914456,0.0830428607139126,0.06773424246004477
4.444974990478362,3.1335667833916956,0.08399756525913583,0.06680398346779635
4.4478134163982075,3.1355677838919456,0.08493899234110504,0.06586316479524028
4.450651842318053,3.137568784392196,0.08586699314879821,0.06491193515722753
4.453490268237899,3.139569784892446,0.08678142099348023,0.06395044491426564
4.456328694157745,3.1415707853926964,0.08768213133188905,0.06297884604875202
4.45916712007759,3.1435717858929464,0.0885689817890829,0.06199729214095108
4.462005545997436,3.1455727863931964,0.08944183218094694,0.06100593834471614
4.464843971917282,3.147573786893447,0.09030054453635127,0.060004941362965164
4.467682397837128,3.149574787393697,0.0911449831189594,0.05899445942291164
4.470520823756973,3.151575787893947,0.09197501444868535,0.057974652251051945
4.473359249676819,3.153576788394197,0.09279050732279216,0.056945681047918334
4.476197675596665,3.155577788894447,0.09359133283663032,0.05590770846259885
4.4790361015165105,3.1575787893946976,0.09437736440401531,0.05486089856702545
4.481874527436356,3.1595797898949476,0.09514847777723524,0.053805416830041544
4.484712953356202,3.1615807903951976,0.09590455106669211,0.05274143009124432
4.487551379276048,3.163581790895448,0.0966454647601683,0.0516691065346134
4.4903898051958935,3.165582791395698,0.09737110174171712,0.0505886156619269
4.493228231115739,3.1675837918959484,0.09808134731017655,0.04950012826596659
4.496066657035585,3.1695847923961984,0.09877608919729942,0.04840381640352168
4.498905082955431,3.1715857928964484,0.09945521758549895,0.047299853368192674
4.5017435088752755,3.173586793396698,0.10011862512520864,0.04618841366299753
4.504581934795121,3.1755877938969483,0.10076620695185107,0.04506967297278757
4.507420360714967,3.1775887943971983,0.10139786070241219,0.04394380813647997
4.510258786634813,3.1795897948974483,0.1020134865316236,0.04281099711910169
4.5130972125546585,3.1815907953976987,0.10261298712774436,0.04167141898365991
4.515935638474504,3.1835917958979487,0.10319626772794246,0.04052525386283854
4.51877406439435,3.1855927963981987,0.10376323613327502,0.039372682930522825
4.521612490314196,3.187593796898449,0.1043138027232616,0.03821388837316217
4.524450916234041,3.189594797398699,0.10484788047005,0.03704905336097302
4.527289342153887,3.1915957978989495,0.1053653849521737,0.03587836201898326
4.530127768073733,3.1935967983991995,0.10586623436789576,0.034701999397928576
4.532966193993579,3.1955977988994495,0.10635034954813892,0.03352015144500257
4.535804619913424,3.1975987993997,0.10681765396900053,0.0323330049744622
4.53864304583327,3.19959979989995,0.10726807376384831,0.031140747638099077
4.541481471753116,3.2016008004002003,0.10770153773499604,0.029943567895578446
4.5443198976729615,3.2036018009004503,0.10811797736495846,0.028741654984647397
4.547158323592807,3.2056028014007003,0.10851732682728145,0.027535198891223175
4.549996749512653,3.2076038019009507,0.10889952299694688,0.026324390319363164
4.552835175432499,3.2096048024012007,0.1092645054603515,0.025109420661117994
4.5556736013523444,3.2116058029014507,0.10961221652485569,0.02389048196628103
4.55851202727219,3.213606803401701,0.10994260122790356,0.02266776691202869
4.561350453192036,3.215607803901951,0.11025560734571059,0.021441468772465107
4.564188879111882,3.2176088044022015,0.11055118540151843,0.020211781388072378
4.567027305031727,3.2196098049024515,0.11082928867341604,0.018978899135068207
4.569865730951573,3.2216108054027015,0.1110898732017249,0.017743016894681964
4.572704156871418,3.223611805902951,0.11133289779594734,0.016504330022351285
4.575542582791264,3.2256128064032015,0.11155832404127819,0.015263034316838817
4.578381008711109,3.2276138069034515,0.11176611630467642,0.014019325989285514
4.581219434630955,3.2296148074037014,0.11195624174049773,0.0127734016321953
4.584057860550801,3.231615807903952,0.1121286702956867,0.011525458188357977
4.586896286470647,3.233616808404202,0.11228337471452711,0.010275692919719637
4.589734712390492,3.235617808904452,0.1124203305429501,0.009024303376202572
4.592573138310338,3.2376188094047023,0.11253951613239993,0.007771487364476537
4.595411564230184,3.2396198099049522,0.11264091264325575,0.006517442916692572
4.5982499901500296,3.2416208104052027,0.1127245040478095,0.005262368259181197
4.601088416069875,3.2436218109054527,0.11279027713279964,0.004006461781116735
4.603926841989721,3.2456228114057026,0.1128382215014996,0.002749922003159065
4.606765267909567,3.247623811905953,0.11286832957536118,0.0014929475460746058
4.6096036938294125,3.249624812406203,0.1128805965952126,0.0002357370993382747
4.612442119749258,3.251625812906453,0.11287502062201071,-0.001021510610272216
4.615280545669104,3.2536268134067035,0.11285160253714745,-0.0022785968500879604
4.61811897158895,3.2556278139069534,0.11281034604231059,-0.003535322912964942
4.620957397508795,3.257628814407204,0.11275125765889865,-0.004791490148690757
4.623795823428641,3.259629814907454,0.11267434672698995,-0.006046899995387659
4.626634249348487,3.261630815407704,0.11257962540386626,-0.007301354010898102
4.629472675268333,3.2636318159079543,0.11246710866209124,-0.008554653904151346
4.632311101188178,3.2656328164082042,0.1123368142871435,-0.009806601566509384
4.635149527108024,3.2676338169084547,0.11218876287460541,-0.01105699910308083
4.63798795302787,3.2696348174087047,0.11202297782690761,-0.012305648864001033
4.6408263789477155,3.2716358179089546,0.11183948534962965,-0.013552353475676638
4.64366480486756,3.273636818409204,0.11163831444735772,-0.014796915871982936
4.646503230787406,3.2756378189094546,0.1114194969191,-0.01603913932541439
4.649341656707252,3.2776388194097046,0.1111830673532601,-0.017278827478181276
4.652180082627098,3.2796398199099546,0.11092906312216967,-0.018515784373248228
4.655018508546943,3.281640820410205,0.11065752437618126,-0.019749814485307715
4.657856934466789,3.283641820910455,0.11036849403732128,-0.020980722751688708
4.660695360386635,3.285642821410705,0.11006201779250559,-0.022208314603189158
4.6635337863064805,3.2876438219109554,0.10973814408631805,-0.023432395994830407
4.666372212226326,3.2896448224112054,0.10939692411335233,-0.0246527734365319
4.669210638146172,3.291645822911456,0.10903841181011999,-0.025869254023695033
4.672049064066018,3.293646823411706,0.10866266384652486,-0.0270816454676945
4.6748874899858635,3.2956478239119558,0.10826973961690482,-0.02828975612627532
4.677725915905709,3.297648824412206,0.10785970123064358,-0.029493395033844634
4.680564341825555,3.299649824912456,0.10743261350235342,-0.03069237193165657
4.683402767745401,3.301650825412706,0.10698854394162931,-0.03188649729788836
4.686241193665246,3.3036518259129566,0.10652756274237803,-0.033075582377597015
4.689079619585092,3.3056528264132066,0.10604974277172298,-0.034259439212554685
4.691918045504938,3.307653826913457,0.1055551595584853,-0.03543788067096155
4.694756471424784,3.309654827413707,0.10504389128124601,-0.036610720477022955
4.697594897344629,3.311655827913957,0.10451601875598751,-0.03777777324039631
4.700433323264475,3.3136568284142074,0.10397162542331928,-0.03893885448549466
4.703271749184321,3.3156578289144574,0.1034107973352891,-0.040093780680645695
4.7061101751041665,3.3176588294147074,0.1028336231417798,-0.0412423692671045
4.708948601024012,3.319659829914958,0.10224019407649686,-0.04238443868790953
4.711787026943858,3.3216608304152078,0.10163060394254768,-0.04351980841658037
4.714625452863703,3.3236618309154573,0.10100494909761337,-0.04464829898565498
4.717463878783549,3.3256628314157077,0.10036332843871723,-0.04576973201505844
4.720302304703394,3.3276638319159577,0.09970584338659376,-0.04688393024029658
4.72314073062324,3.3296648324162077,0.0990325978696554,-0.04799071754047918
4.725979156543086,3.331665832916458,0.09834369830756523,-0.049089918966158164
4.7288175824629315,3.333666833416708,0.09763925359441593,-0.050181360766980834
4.731656008382777,3.335667833916958,0.09691937508151569,-0.05126487041915635
4.734494434302623,3.3376688344172085,0.09618417655978755,-0.05234027665272563
4.737332860222469,3.3396698349174585,0.09543377424178318,-0.05340740947863293
4.740171286142314,3.341670835417709,0.09466828674331192,-0.05446610021559787
4.74300971206216,3.343671835917959,0.09388783506469184,-0.05551618151677784
4.745848137982006,3.345672836418209,0.09309254257162397,-0.05655748739621959
4.748686563901852,3.3476738369184593,0.09228253497569054,-0.05758985325509835
4.751524989821697,3.3496748374187093,0.09145794031448456,-0.05861311590773497
4.754363415741543,3.3516758379189593,0.09061888893137153,-0.05962711360738984
4.757201841661389,3.3536768384192097,0.08976551345488462,-0.06063168607183205
4.7600402675812346,3.3556778389194597,0.08889794877776191,-0.06162667450867292
4.76287869350108,3.35767883941971,0.08801633203562237,-0.06261192164046823
4.765717119420926,3.35967983991996,0.08712080258528947,-0.06358727172957816
4.768555545340772,3.36168084042021,0.086211501982764,-0.06455257060278383
4.7713939712606175,3.3636818409204605,0.08528857396084676,-0.06550766567565901
4.774232397180463,3.3656828414207105,0.08435216440641957,-0.06645240597668843
4.777070823100309,3.3676838419209605,0.08340242133738575,-0.06738664217113075
4.779909249020155,3.369684842421211,0.08243949487927142,-0.06831022658462564
4.78274767494,3.371685842921461,0.08146353724149602,-0.06922301322653573
4.785586100859845,3.3736868434217104,0.0804747026933137,-0.07012485781302227
4.788424526779691,3.375687843921961,0.07947314753942526,-0.07101561778985457
4.791262952699537,3.377688844422211,0.0784590300952737,-0.07189515235494125
4.7941013786193825,3.379689844922461,0.07743251066201902,-0.07276332248058695
4.796939804539228,3.3816908454227113,0.07639375150119804,-0.07361999093546975
4.799778230459074,3.3836918459229612,0.07534291680907673,-0.07446502230633242
4.80261665637892,3.385692846423211,0.07428017269069655,-0.07529828301938649
4.805455082298765,3.3876938469234616,0.07320568713361655,-0.07611964136142757
4.808293508218611,3.3896948474237116,0.07211962998136057,-0.07692896750065456
4.811131934138457,3.391695847923962,0.071022172906571,-0.07772613350719143
4.813970360058303,3.393696848424212,0.06991348938387071,-0.07851101337331033
4.816808785978148,3.395697848924462,0.06879375466244299,-0.079283483033349
4.819647211897994,3.3976988494247125,0.06766314573833082,-0.0800434203833211
4.82248563781784,3.3996998499249624,0.0665218413264573,-0.08079070530021841
4.8253240637376855,3.4017008504252124,0.06537002183237728,-0.08152521966099796
4.828162489657531,3.403701850925463,0.06420786932376159,-0.0822468473612532
4.831000915577377,3.405702851425713,0.06303556750161542,-0.08295547433356788
4.833839341497223,3.4077038519259633,0.06185330167124347,-0.08365098856554509
4.8366777674170685,3.4097048524262132,0.06066125871295641,-0.0843332801175144
4.839516193336914,3.4117058529264632,0.05945962705253179,-0.08500224113990938
4.84235461925676,3.4137068534267136,0.05824859663143073,-0.08565776589031478
4.845193045176606,3.4157078539269636,0.05702835887677182,-0.08629975075018236
4.848031471096451,3.4177088544272136,0.05579910667107339,-0.08692809424120918
4.850869897016297,3.419709854927464,0.05456103432176564,-0.08754269704137779
4.853708322936143,3.421710855427714,0.0533143375304745,-0.08814346200065705
4.856546748855988,3.4237118559279636,0.05205921336208851,-0.08873029415635791
4.859385174775833,3.425712856428214,0.050795860213608525,-0.08930310074814429
4.862223600695679,3.427713856928464,0.049524477782787124,-0.08986179123269566
4.865062026615525,3.429714857428714,0.04824526703656218,-0.09040627729801937
4.867900452535371,3.4317158579289644,0.046958430179291445,-0.09093647287740943
4.870738878455216,3.4337168584292144,0.04566417062078811,-0.09145229416305206
4.873577304375062,3.4357178589294644,0.044362692944168905,-0.09195365961927258
4.876415730294908,3.437718859429715,0.043054202873516856,-0.09244048999542337
4.879254156214754,3.4397198599299648,0.04173890724136035,-0.09291270833841181
4.882092582134599,3.441720860430215,0.04041701395598028,-0.09337024000486381
4.884931008054445,3.443721860930465,0.03908873196854722,-0.09381301267292229
4.887769433974291,3.445722861430715,0.03775427124009032,-0.0942409563536798
4.8906078598941365,3.4477238619309656,0.03641384270830999,-0.09465400340224131
4.893446285813982,3.4497248624312156,0.03506765825423614,-0.0950520885284164
4.896284711733828,3.4517258629314655,0.03371593066873365,-0.09543514880704054
4.899123137653674,3.453726863431716,0.032358873618869605,-0.09580312368792067
4.901961563573519,3.455727863931966,0.030996701614136347,-0.09615595500540716
4.904799989493365,3.4577288644322164,0.029629629972545177,-0.0964935869875877
4.907638415413211,3.4597298649324664,0.0282578747865923,-0.09681596626510283
4.910476841333057,3.4617308654327164,0.026881652889098853,-0.09712304187958265
4.913315267252902,3.463731865932967,0.025501181818937343,-0.0974147652917014
4.916153693172748,3.4657328664332168,0.02411667978664658,-0.09769109038884992
4.918992119092594,3.4677338669334667,0.02272836563993685,-0.09795197349242507
4.9218305450124396,3.469734867433717,0.02133645882909791,-0.09819737336473379
4.924668970932285,3.471735867933967,0.019941179372311754,-0.09842725121551127
4.92750739685213,3.4737368684342167,0.018542747820872462,-0.0986415707080529
4.930345822771976,3.475737868934467,0.017141385224323326,-0.09884029796495807
4.933184248691822,3.477738869434717,0.0157373130955192,-0.09902340157348449
4.936022674611667,3.479739869934967,0.014330753375608086,-0.09919085259051436
4.938861100531513,3.4817408704352175,0.012921928398950575,-0.09934262454712901
4.941699526451359,3.4837418709354675,0.01151106085797672,-0.09947869345279281
4.9445379523712045,3.4857428714357175,0.01009837376798274,-0.0995990377991455
4.94737637829105,3.487743871935968,0.008684090431880292,-0.099703638563402
4.950214804210896,3.489744872436218,0.007268434404900233,-0.09979247921135914
4.953053230130742,3.4917458729364683,0.005851629459252953,-0.09986554570000944
4.9558916560505875,3.4937468734367183,0.004433899548757978,-0.0999228264797608
4.958730081970433,3.4957478739369683,0.0030154687734448805,-0.0999643124962621
4.961568507890279,3.4977488744372187,0.0015965613441274627,-0.09998999719183443
4.964406933810125,3.4997498749374687,0.00017740154696404645,-0.09999987650650777
4.96724535972997,3.5017508754377187,-0.0012417862919941543,-0.09999394887866253
4.970083785649816,3.503751875937969,-0.0026607778422649735,-0.09997221524527665
4.972922211569662,3.505752876438219,-0.00407934880439192,-0.09993467904177727
4.975760637489508,3.5077538769384695,-0.005497274945401913,-0.09988134620149786
4.978599063409353,3.5097548774387195,-0.006914332134248501,-0.0998122251547402
4.981437489329199,3.5117558779389695,-0.008330296377238968,-0.09972732682744195
4.984275915249045,3.51375687843922,-0.009744943853443341,-0.09962666463944947
4.9871143411688905,3.51575787893947,-0.011158050950072468,-0.09951025450239658
4.989952767088736,3.51775887943972,-0.01256939429782321,-0.09937811481718949
4.992791193008582,3.5197598799399703,-0.013978750806188751,-0.09923026647109806
4.995629618928428,3.5217608804402203,-0.015385897698721212,-0.09906673283445418
4.998468044848273,3.52376188094047,-0.016790612548244266,-0.09888753975695787
5.001306470768118,3.5257628814407203,-0.018192673312016083,-0.09869271556359072
5.004144896687964,3.5277638819409702,-0.01959185836682396,-0.098482291050139
5.00698332260781,3.52976488244122,-0.02098794654401664,-0.09825629947832579
5.0098217485276555,3.5317658829414706,-0.022380717164466324,-0.09801477657055302
5.012660174447501,3.5337668834417206,-0.02376995007345013,-0.09775776050425493
5.015498600367347,3.5357678839419706,-0.025155425675448716,-0.09748529190586372
5.018337026287193,3.537768884442221,-0.02653692496886001,-0.09719741384438724
5.021175452207038,3.539769884942471,-0.027914229580615513,-0.09689417182460129
5.024013878126884,3.5417708854427215,-0.02928712180069731,-0.096575613779857
5.02685230404673,3.5437718859429714,-0.030655384616553722,-0.09624179006450348
5.029690729966576,3.5457728864432214,-0.03201880174740123,-0.09589275344592861
5.032529155886421,3.547773886943472,-0.03337715767841077,-0.09552855909621838
5.035367581806267,3.549774887443722,-0.034730237694776726,-0.09514926458343517
5.038206007726113,3.551775887943972,-0.0360778279156538,-0.09475492986251888
5.0410444336459586,3.5537768884442222,-0.0374197153279677,-0.09434561726580903
5.043882859565804,3.555777888944472,-0.03875568782008495,-0.0939213914931923
5.04672128548565,3.5577788894447226,-0.0400855342153401,-0.09348231960187575
5.049559711405496,3.5597798899449726,-0.041409044305418655,-0.09302847099578644
5.0523981373253415,3.5617808904452226,-0.042726008883583466,-0.09255991741460114
5.055236563245187,3.563781890945473,-0.044036219777742844,-0.09207673292240681
5.058074989165033,3.565782891445723,-0.0453394698833585,-0.09157899389599256
5.060913415084879,3.567783891945973,-0.04663555319618132,-0.09106677901277724
5.063751841004724,3.5697848924462234,-0.047924264844813325,-0.09054016923837327
5.06659026692457,3.5717858929464734,-0.04920540112309379,-0.08999924781378764
5.069428692844415,3.573786893446723,-0.05047875952229752,-0.0894441002422646
5.072267118764261,3.5757878939469734,-0.05174413876314577,-0.08887481427577004
5.0751055446841065,3.5777888944472234,-0.05300133882762225,-0.08829147990112057
5.077943970603952,3.5797898949474733,-0.05425016099059037,-0.08769418932575919
5.080782396523798,3.5817908954477238,-0.05549040785120422,-0.08708303696318076
5.083620822443644,3.5837918959479738,-0.05672188336411366,-0.08645811941800703
5.086459248363489,3.5857928964482237,-0.05794439287045221,-0.08581953547071701
5.089297674283335,3.587793896948474,-0.05915774312860559,-0.08516738606203315
5.092136100203181,3.589794897448724,-0.060361742344759446,-0.08450177427696477
5.094974526123027,3.5917958979489746,-0.061556200203215054,-0.08382280532851387
5.097812952042872,3.5937968984492246,-0.06274092789647147,-0.08313058654104474
5.100651377962718,3.5957978989494745,-0.06391573815507232,-0.0824252273333182
5.103489803882564,3.597798899449725,-0.06508044527720629,-0.0817068392011962
5.1063282298024095,3.599799899949975,-0.06623486515806008,-0.08097553570001853
5.109166655722255,3.601800900450225,-0.06737881531892201,-0.08023143242665158
5.112005081642101,3.6038019009504754,-0.06851211493602374,-0.07947464700121772
5.114843507561947,3.6058029014507254,-0.06963458486912534,-0.07870529904850165
5.1176819334817925,3.6078039019509758,-0.07074604768983092,-0.07792351017904199
5.120520359401638,3.6098049024512258,-0.07184632770963366,-0.07712940396990901
5.123358785321484,3.6118059029514757,-0.07293525100768883,-0.07632310594516951
5.12619721124133,3.613806903451726,-0.0740126454583044,-0.07550474355604596
5.129035637161175,3.615807903951976,-0.07507834075814793,-0.074674446160771
5.131874063081021,3.617808904452226,-0.07613216845316823,-0.07383234500413849
5.134712489000867,3.6198099049524766,-0.07717396196522187,-0.07297857319675835
5.137550914920713,3.6218109054527265,-0.07820355661840328,-0.07211326569401655
5.140389340840557,3.623811905952976,-0.07922078966507652,-0.07123655927474158
5.143227766760403,3.6258129064532265,-0.08022550031160088,-0.07034859251958359
5.146066192680249,3.6278139069534765,-0.081217529743745,-0.06944950578911123
5.148904618600095,3.6298149074537265,-0.08219672115179343,-0.06853944120162242
5.15174304451994,3.631815907953977,-0.08316291975533227,-0.0676185426106808
5.154581470439786,3.633816908454227,-0.0841159728277145,-0.06668695558237757
5.157419896359632,3.635817908954477,-0.08505572972020302,-0.06574482737232039
5.160258322279478,3.6378189094547273,-0.08598204188578285,-0.06479230690235752
5.163096748199323,3.6398199099549773,-0.08689476290264105,-0.0638295447370386
5.165935174119169,3.6418209104552277,-0.08779374849731326,-0.06285669305981334
5.168773600039015,3.6438219109554777,-0.08867885656748804,-0.06187390564897682
5.1716120259588605,3.6458229114557277,-0.08954994720446824,-0.060881337853362506
5.174450451878706,3.647823911955978,-0.09040688271528802,-0.05987914656778453
5.177288877798552,3.649824912456228,-0.091249527644476,-0.05886749020823953
5.180127303718398,3.651825912956478,-0.09207774879546834,-0.05784652868686392
5.182965729638243,3.6538269134567285,-0.09289141525166235,-0.05681642338665756
5.185804155558089,3.6558279139569785,-0.0936903983971097,-0.05577733713597476
5.188642581477935,3.657828914457229,-0.09447457193684812,-0.05472943418278447
5.191481007397781,3.659829914957479,-0.09524381191686411,-0.05367288016870837
5.194319433317626,3.661830915457729,-0.09599799674368556,-0.052607842102839
5.197157859237472,3.6638319159579793,-0.09673700720360343,-0.05153448833533885
5.199996285157318,3.6658329164582293,-0.09746072648151505,-0.05045298853083017
5.2028347110771636,3.6678339169584793,-0.09816904017938849,-0.04936351364157713
5.205673136997009,3.6698349174587297,-0.09886183633434661,-0.04826623588046159
5.208511562916855,3.6718359179589797,-0.09953900543636439,-0.04716132869376241
5.2113499888367,3.673836918459229,-0.10020044044557834,-0.04604896673374009
5.214188414756546,3.6758379189594796,-0.10084603680920824,-0.044929325831026455
5.217026840676391,3.6778389194597296,-0.10147569247808193,-0.04380258296683395
5.219865266596237,3.6798399199599796,-0.1020893079227665,-0.04266891624498006
5.222703692516083,3.68184092046023,-0.10268678614930173,-0.041528504863732815
5.2255421184359285,3.68384192096048,-0.10326803271453132,-0.040381529087486025
5.228380544355774,3.68584292146073,-0.10383295574103102,-0.039228170218265884
5.23121897027562,3.6878439219609804,-0.10438146593163264,-0.03806861056707071
5.234057396195466,3.6898449224612304,-0.10491347658353874,-0.03690303342505405
5.2368958221153115,3.691845922961481,-0.1054289036020272,-0.035731623034552934
5.239734248035157,3.693846923461731,-0.10592766551374502,-0.034554564559962794
5.242572673955003,3.695847923961981,-0.10640968347958633,-0.033372044058469545
5.245411099874849,3.6978489244622312,-0.10687488130715393,-0.03218424845064063
5.248249525794694,3.699849924962481,-0.10732318546280409,-0.030991365490876208
5.25108795171454,3.701850925462731,-0.10775452508326885,-0.02979358373773358
5.253926377634386,3.7038519259629816,-0.10816883198685828,-0.02859109252411944
5.256764803554232,3.7058529264632316,-0.10856604068423749,-0.027384081927363097
5.259603229474077,3.707853926963482,-0.10894608838877827,-0.02617274273917208
5.262441655393923,3.709854927463732,-0.10930891502648434,-0.02495726643547169
5.265280081313769,3.711855927963982,-0.1096544632454869,-0.023737845146139497
5.2681185072336145,3.7138569284642324,-0.10998267842510996,-0.022514671624636495
5.27095693315346,3.7158579289644824,-0.11029350868450476,-0.021287939217536557
5.273795359073306,3.7178589294647324,-0.11058690489085027,-0.020057841833965244
5.276633784993152,3.719859929964983,-0.11086282066711937,-0.01882457391494972
5.2794722109129975,3.721860930465233,-0.11112121239941013,-0.017588330402681433
5.282310636832842,3.7238619309654823,-0.11136203924383953,-0.016349306709703082
5.285149062752688,3.7258629314657328,-0.11158526313299966,-0.01510769868801947
5.287987488672534,3.7278639319659828,-0.11179084878197512,-0.013863702598139259
5.2908259145923795,3.7298649324662327,-0.11197876369392046,-0.012617515078051792
5.293664340512225,3.731865932966483,-0.11214897816519677,-0.011369333112146012
5.296502766432071,3.733866933466733,-0.11230146529006726,-0.010119354000071093
5.299341192351917,3.735867933966983,-0.11243620096495002,-0.008867775325550427
5.302179618271762,3.7378689344672336,-0.112553163892228,-0.00761479492515069
5.305018044191608,3.7398699349674835,-0.1126523355836157,-0.006360610857007779
5.307856470111454,3.741870935467734,-0.11273370036308156,-0.005105421369520889
5.3106948960313,3.743871935967984,-0.11279724536932571,-0.0038494248700165373
5.313533321951145,3.745872936468234,-0.11284296055781318,-0.002592819893384258
5.316371747870991,3.7478739369684844,-0.11287083870236146,-0.001335805070695334
5.319210173790837,3.7498749374687343,-0.11288087539628282,-7.857909780632332e-05
5.322048599710683,3.7518759379689843,-0.11287306905308085,0.0011786592960512034
5.324887025630528,3.7538769384692348,-0.1128474209067013,0.0024357113796808776
5.327725451550374,3.7558779389694847,-0.1128039350113369,0.0036923784513373833
5.33056387747022,3.757878939469735,-0.11274261824078662,0.0049484618701341005
5.3334023033900655,3.759879939969985,-0.11266348028736912,0.006203763087441131
5.336240729309911,3.761880940470235,-0.11256653366039068,0.0074580836782719324
5.339079155229757,3.7638819409704856,-0.11245179368416774,0.00871122537264722
5.341917581149603,3.7658829414707355,-0.11231927849560489,0.009962990086934355
5.344756007069448,3.7678839419709855,-0.11216900904132764,0.011213179955160489
5.347594432989294,3.769884942471236,-0.1120010090743715,0.012461597360288085
5.35043285890914,3.771885942971486,-0.11181530515042762,0.013708044965451123
5.353271284828985,3.7738869434717355,-0.11161192662364475,0.014952325745149812
5.3561097107488305,3.775887943971986,-0.11139090564198922,0.016194243016394706
5.358948136668676,3.777888944472236,-0.11115227714216393,0.017433600469793125
5.361786562588522,3.779889944972486,-0.11089607884408514,0.018670202200583234
5.364624988508368,3.7818909454727363,-0.11062235124492054,0.019903852739599222
5.367463414428213,3.7838919459729863,-0.11033113761268795,0.021134357084167988
5.370301840348059,3.7858929464732363,-0.1100224839794156,0.022361520728935252
5.373140266267905,3.7878939469734867,-0.10969643913386605,0.023585149696609867
5.375978692187751,3.7898949474737367,-0.10935305461382444,0.024805050568624726
5.378817118107596,3.791895947973987,-0.1089923846979514,0.026021030515712418
5.381655544027442,3.793896948474237,-0.10861448639720354,0.027232897328384655
5.384493969947288,3.795897948974487,-0.10821941944582199,0.028440459447313694
5.3873323958671335,3.7978989494747375,-0.10780724629188958,0.02964352599361449
5.390170821786979,3.7998999499749875,-0.10737803208746051,0.030841906799014076
5.393009247706825,3.8019009504752375,-0.10693184467826103,0.03203541243591381
5.395847673626671,3.803901950975488,-0.1064687545929654,0.033223854247331056
5.3986860995465165,3.805902951475738,-0.10598883503204788,0.03440704437671916
5.401524525466362,3.8079039519759883,-0.10549216185621114,0.035584795797663854
5.404362951386208,3.8099049524762383,-0.10497881357439541,0.03675692234344545
5.407201377306054,3.8119059529764883,-0.104448871331369,0.03792323873646514
5.410039803225899,3.8139069534767387,-0.10390241889490097,0.03908356061753376
5.412878229145745,3.8159079539769887,-0.10333954264252034,0.04023770457501235
5.415716655065591,3.8179089544772387,-0.10276033154786296,0.041385488173803026
5.418555080985437,3.819909954977489,-0.10216487716660655,0.04252672998418838
5.421393506905282,3.821910955477739,-0.10155327362199894,0.04366124961050897
5.424231932825127,3.8239119559779886,-0.10092561758998077,0.04478886771967719
5.427070358744973,3.825912956478239,-0.10028200828390223,0.04590940606952753
5.429908784664819,3.827913956978489,-0.09962254743884202,0.04702268753698839
5.432747210584664,3.829914957478739,-0.09894733929552593,0.048128536146080196
5.43558563650451,3.8319159579789894,-0.0982564905838487,0.04922677709573341
5.438424062424356,3.8339169584792394,-0.09755011050600369,0.05031723678741833
5.441262488344202,3.8359179589794894,-0.0968283107192221,0.05139974285258482
5.444100914264047,3.83791895947974,-0.096091205318122,0.0524741241799104
5.446939340183893,3.83991995997999,-0.09533891081667413,0.053540210942346816
5.449777766103739,3.8419209604802402,-0.09457154612978518,0.054597834623963594
5.4526161920235845,3.84392196098049,-0.09378923255449968,0.055646828046587195
5.45545461794343,3.84592296148074,-0.0929920937508273,0.056687025396225804
5.458293043863276,3.8479239619809906,-0.09218025572219657,0.05771826224927862
5.461131469783122,3.8499249624812406,-0.09135384679553604,0.05874037559852835
5.463969895702967,3.8519259629814906,-0.09051299760099152,0.05975320387890531
5.466808321622813,3.853926963481741,-0.08965784105127572,0.06075658699302797
5.469646747542659,3.855927963981991,-0.08878851232065962,0.06175036633650865
5.472485173462505,3.8579289644822414,-0.08790514882360616,0.06273438482302322
5.47532359938235,3.8599299649824914,-0.08700789019304771,0.06370848690914337
5.478162025302196,3.8619309654827414,-0.08609687825831516,0.06467251861892236
5.481000451222042,3.863931965982992,-0.0851722570227197,0.06562632756823324
5.483838877141888,3.865932966483242,-0.08423417264078883,0.06656976298885775
5.486677303061733,3.867933966983492,-0.08328277339516439,0.06750267575231735
5.489515728981579,3.869934967483742,-0.08231820967316451,0.06842491839344511
5.492354154901425,3.871935967983992,-0.08134063394301033,0.06933634513369716
5.49519258082127,3.8739369684842417,-0.08035020072972641,0.07023681190419459
5.498031006741115,3.875937968984492,-0.07934706659071478,0.07112617636849686
5.500869432660961,3.877938969484742,-0.078331390091008,0.07200429794510067
5.503707858580807,3.879939969984992,-0.07730333177820456,0.07287103782966202
5.5065462845006525,3.8819409704852426,-0.07626305415709224,0.0737262590169359
5.509384710420498,3.8839419709854925,-0.07521072166395944,0.0745698263224341
5.512223136340344,3.8859429714857425,-0.07414650064060357,0.07540160640379312
5.51506156226019,3.887943971985993,-0.07307055930803842,0.07622146778185077
5.5178999881800355,3.889944972486243,-0.07198306773990168,0.07702928086143049
5.520738414099881,3.8919459729864934,-0.07088419783557239,0.07782491795182567
5.523576840019727,3.8939469734867433,-0.06977412329299981,0.078608253286983
5.526415265939573,3.8959479739869933,-0.06865301958124487,0.07937916304538385
5.529253691859418,3.8979489744872438,-0.06752106391274633,0.08013752536961495
5.532092117779264,3.8999499749874937,-0.0663784352153067,0.0808832203856318
5.53493054369911,3.9019509754877437,-0.06522531410381009,0.08161613022170648
5.537768969618956,3.903951975987994,-0.06406188285167352,0.082336139027059
5.540607395538801,3.905952976488244,-0.06288832536203308,0.08304313299017106
5.543445821458647,3.9079539769884946,-0.06170482713867527,0.08373700035677546
5.546284247378493,3.9099549774887445,-0.06051157525671568,0.08441763144752057
5.5491226732983385,3.9119559779889945,-0.059308758333026,0.08508491867530847
5.551961099218184,3.913956978489245,-0.058096566496420414,0.08573875656230052
5.55479952513803,3.915957978989495,-0.05687519135760303,0.08637904175658978
5.557637951057876,3.917958979489745,-0.05564482597887809,0.08700567304853885
5.5604763769777215,3.9199599799899953,-0.0544056648436336,0.0876185513867774
5.563314802897567,3.9219609804902453,-0.05315790382560049,0.08821757989385887
5.566153228817412,3.923961980990495,-0.05190174015788923,0.08880266388157451
5.568991654737258,3.925962981490745,-0.05063737240181286,0.08937371086592101
5.5718300806571035,3.9279639819909953,-0.04936500041550369,0.08993063058171782
5.574668506576949,3.9299649824912453,-0.048084825322318246,0.09047333499687706
5.577506932496795,3.9319659829914957,-0.04679704947904715,0.09100173832631796
5.580345358416641,3.9339669834917457,-0.04550187644392985,0.09151575704552653
5.583183784336486,3.9359679839919957,-0.04419951094447597,0.09201530990375911
5.586022210256332,3.937968984492246,-0.04289015884510525,0.09250031793688518
5.588860636176178,3.939969984992496,-0.04157402711460774,0.09297070447986874
5.591699062096024,3.9419709854927465,-0.040251323793426094,0.09342639517888769
5.594537488015869,3.9439719859929965,-0.0389222579607718,0.09386731800308634
5.597375913935715,3.9459729864932465,-0.037587039701577264,0.09429340325596097
5.600214339855561,3.947973986993497,-0.03624588007328509,0.09470458358637765
5.603052765775407,3.949974987493747,-0.03489899107248937,0.09510079399921742
5.605891191695252,3.951975987993997,-0.03354658560142278,0.09548197186565083
5.608729617615098,3.9539769884942473,-0.03218887743430438,0.09584805693303736
5.611568043534944,3.9559779889944973,-0.03082608118354951,0.09619899133444915
5.6144064694547895,3.9579789894947477,-0.029458412265843805,0.09653471959781867
5.617244895374635,3.9599799899949977,-0.028086086868093524,0.09685518865470692
5.620083321294481,3.9619809904952477,-0.026709321913254116,0.0971603478486915
5.622921747214327,3.963981990995498,-0.025328335026038977,0.09745014894337457
5.625760173134172,3.965982991495748,-0.023943344498520744,0.0977245461300072
5.628598599054018,3.967983991995998,-0.022554569255627127,0.09798349603473006
5.631437024973864,3.9699849924962485,-0.021162228820533185,0.09822695772543012
5.63427545089371,3.9719859929964985,-0.019766543279962558,0.09845489271821041
5.6371138768135545,3.973986993496748,-0.01836773324940001,0.09866726498347296
5.6399523027334,3.975987993996998,-0.016966019838214892,0.0988640409516146
5.642790728653246,3.9779889944972484,-0.015561624614714,0.09904518951833274
5.645629154573092,3.9799899949974984,-0.014154769571117989,0.0992106820495421
5.648467580492937,3.981990995497749,-0.012745677088469147,0.09936049238590115
5.651306006412783,3.983991995997999,-0.011334569901480905,0.09949459684694692
5.654144432332629,3.985992996498249,-0.009921671063331437,0.09961297423483807
5.656982858252475,3.987993996998499,-0.008507203910403343,0.0997156058377059
5.65982128417232,3.989994997498749,-0.00709139202698214,0.09980247543261192
5.662659710092166,3.991995997998999,-0.005674459209915587,0.09987356928811218
5.665498136012012,3.9939969984992496,-0.0042566294332353986,0.09992887616642798
5.6683365619318575,3.9959979989994996,-0.0028381268127569527,0.09996838732522201
5.671174987851703,3.99799899949975,-0.0014191755706505927,0.09999209651898044
5.674013413771549,4.0,-1.105913963345068e-16,0.1
